step,energy,delta_energy,ocpp_connected
0,0.5572,0.5572,1
1,1.6714,1.1142,1
2,2.8150,1.1437,1
3,3.6607,0.8456,1
4,4.2070,0.5463,1
5,5.2614,1.0544,1
6,5.6749,0.4135,1
7,6.6004,0.9255,1
8,6.9693,0.3689,1
9,8.0580,1.0886,1
10,8.8587,0.8007,1
11,9.9835,1.1248,1
12,10.7214,0.7379,1
13,11.0149,0.2936,1
14,12.1076,1.0927,1
15,12.4004,0.2928,1
16,12.7218,0.3214,1
17,13.1559,0.4341,1
18,13.8196,0.6636,1
19,14.1031,0.2836,1
20,15.0434,0.9402,1
21,15.8076,0.7642,1
22,16.3201,0.5125,1
23,16.5730,0.2529,1
24,17.6229,1.0499,1
25,18.2170,0.5941,1
26,19.3266,1.1096,1
27,19.7258,0.3992,1
28,20.2071,0.4814,1
29,21.1667,0.9595,1
0,0.2227,0.2227,1
1,0.7479,0.5253,1
2,1.4767,0.7288,1
3,2.0560,0.5793,1
4,2.6554,0.5994,1
5,3.7225,1.0671,1
6,4.3084,0.5859,1
7,4.6119,0.3035,1
8,4.9571,0.3451,1
9,6.1563,1.1992,1
10,7.1575,1.0013,1
11,8.0476,0.8900,1
12,8.3967,0.3491,1
13,8.8197,0.4230,1
14,9.8367,1.0170,1
15,10.9604,1.1237,1
16,11.1668,0.2064,1
17,11.5040,0.3372,1
18,12.4671,0.9631,1
19,13.5155,1.0485,1
20,13.9272,0.4117,1
21,14.7191,0.7918,1
22,15.6227,0.9036,1
23,16.4666,0.8439,1
24,16.7130,0.2464,1
25,17.4872,0.7742,1
26,18.5382,1.0510,1
27,18.8333,0.2952,1
28,19.5366,0.7032,1
29,20.4596,0.9230,1
0,0.3978,0.3978,1
1,1.4234,1.0256,1
2,1.8908,0.4674,1
3,2.9001,1.0092,1
4,3.2875,0.3874,1
5,4.0270,0.7395,1
6,4.3783,0.3513,1
7,5.3967,1.0184,1
8,5.6476,0.2510,1
9,6.7063,1.0586,1
10,7.0215,0.3152,1
11,8.0429,1.0214,1
12,8.7492,0.7063,1
13,9.1285,0.3793,1
14,9.4317,0.3032,1
15,9.6888,0.2571,1
16,10.2084,0.5196,1
17,11.2010,0.9927,1
18,11.5342,0.3332,1
19,12.5599,1.0257,1
20,12.8573,0.2973,1
21,13.2311,0.3739,1
22,13.7156,0.4845,1
23,14.8554,1.1398,1
24,15.6705,0.8150,1
25,16.7558,1.0853,1
26,17.8585,1.1027,1
27,18.8200,0.9615,1
28,19.0409,0.2208,1
29,19.7524,0.7116,1
0,0.5144,0.5144,1
1,0.9431,0.4287,1
2,1.7799,0.8368,1
3,2.8370,1.0571,1
4,3.3467,0.5097,1
5,3.8292,0.4825,1
6,4.0896,0.2604,1
7,4.7741,0.6845,1
8,5.4214,0.6473,1
9,5.9316,0.5102,1
10,6.1955,0.2639,1
11,7.0050,0.8095,1
12,7.6891,0.6841,1
13,8.1657,0.4765,1
14,8.4802,0.3145,1
15,9.6114,1.1312,1
16,10.3424,0.7310,1
17,10.9724,0.6300,1
18,11.3676,0.3952,1
19,12.5646,1.1970,1
20,13.7529,1.1883,1
21,14.7122,0.9592,1
22,15.3180,0.6059,1
23,16.4699,1.1519,1
24,16.8752,0.4053,1
25,17.7327,0.8575,1
26,18.0536,0.3209,1
27,18.4175,0.3640,1
28,18.7898,0.3722,1
29,19.0932,0.3034,1
0,0.9655,0.9655,1
1,1.5490,0.5835,1
2,2.4587,0.9097,1
3,2.7106,0.2519,1
4,3.2397,0.5291,1
5,4.3284,1.0887,1
6,5.2761,0.9477,1
7,5.9249,0.6487,1
8,6.3143,0.3894,1
9,6.7038,0.3896,1
10,7.4091,0.7053,1
11,8.5402,1.1311,1
12,9.6744,1.1342,1
13,10.8677,1.1933,1
14,12.0295,1.1618,1
15,12.5712,0.5418,1
16,12.7916,0.2204,1
17,13.0029,0.2113,1
18,13.9569,0.9540,1
19,14.6295,0.6726,1
20,15.6157,0.9862,1
21,16.3936,0.7779,1
22,16.6271,0.2335,1
23,17.7652,1.1381,1
24,18.0384,0.2731,1
25,18.8482,0.8098,1
26,19.1325,0.2843,1
27,20.0946,0.9621,1
28,20.4454,0.3508,1
29,21.3720,0.9266,1
0,0.3285,0.3285,1
1,0.7123,0.3838,1
2,1.8190,1.1067,1
3,2.0306,0.2116,1
4,2.3690,0.3384,1
5,2.7922,0.4232,1
6,3.7984,1.0062,1
7,4.5833,0.7849,1
8,5.6681,1.0848,1
9,6.6495,0.9814,1
10,7.5640,0.9145,1
11,7.9270,0.3630,1
12,8.1745,0.2476,1
13,8.7753,0.6007,1
14,9.6444,0.8691,1
15,10.5355,0.8911,1
16,11.7018,1.1663,1
17,12.4124,0.7106,1
18,12.7015,0.2891,1
19,13.7006,0.9991,1
20,14.6462,0.9457,1
21,15.3198,0.6736,1
22,16.4354,1.1156,1
23,17.1692,0.7338,1
24,18.1383,0.9690,1
25,18.9066,0.7684,1
26,19.7360,0.8294,1
27,20.1345,0.3984,1
28,20.6641,0.5297,1
29,21.5197,0.8556,1
0,1.0351,1.0351,1
1,1.5831,0.5480,1
2,2.7006,1.1174,1
3,3.0675,0.3669,1
4,4.0419,0.9744,1
5,4.7019,0.6599,1
6,5.8727,1.1708,1
7,6.5082,0.6355,1
8,6.7546,0.2464,1
9,6.9694,0.2149,1
10,7.8465,0.8771,1
11,8.0589,0.2124,1
12,8.3960,0.3371,1
13,9.2898,0.8938,1
14,10.4729,1.1831,1
15,11.2796,0.8067,1
16,11.6857,0.4060,1
17,12.5575,0.8719,1
18,13.2996,0.7421,1
19,14.2277,0.9281,1
20,15.2330,1.0053,1
21,16.2216,0.9887,1
22,16.7619,0.5403,1
23,17.7286,0.9667,1
24,18.5215,0.7928,1
25,19.2927,0.7712,1
26,19.6859,0.3932,1
27,20.6892,1.0033,1
28,21.4354,0.7462,1
29,22.0053,0.5699,1
0,0.7958,0.7958,1
1,1.0031,0.2073,1
2,2.1569,1.1538,1
3,2.6204,0.4636,1
4,3.0327,0.4123,1
5,3.3770,0.3443,1
6,4.0619,0.6848,1
7,4.5277,0.4658,1
8,5.4016,0.8740,1
9,6.5503,1.1487,1
10,7.2357,0.6853,1
11,7.9169,0.6812,1
12,8.7882,0.8713,1
13,9.6537,0.8655,1
14,10.2454,0.5918,1
15,11.0139,0.7685,1
16,11.8148,0.8009,1
17,12.1990,0.3842,1
18,13.3709,1.1719,1
19,13.7494,0.3785,1
20,14.4826,0.7332,1
21,15.2145,0.7319,1
22,16.3074,1.0929,1
23,17.0793,0.7719,1
24,18.1830,1.1037,1
25,19.1442,0.9611,1
26,20.3298,1.1856,1
27,20.7414,0.4116,1
28,21.0635,0.3221,1
29,21.9522,0.8887,1
0,0.6254,0.6254,1
1,0.8955,0.2701,1
2,1.1338,0.2383,1
3,1.7412,0.6074,1
4,2.9048,1.1635,1
5,3.8725,0.9678,1
6,4.2673,0.3948,1
7,4.7378,0.4705,1
8,5.6341,0.8963,1
9,6.3725,0.7384,1
10,7.5513,1.1788,1
11,7.9931,0.4418,1
12,8.5238,0.5307,1
13,9.2381,0.7143,1
14,9.7773,0.5392,1
15,9.9778,0.2005,1
16,10.7117,0.7339,1
17,10.9387,0.2270,1
18,12.1183,1.1797,1
19,12.6899,0.5715,1
20,12.9775,0.2876,1
21,13.2275,0.2500,1
22,13.5634,0.3360,1
23,13.7759,0.2124,1
24,14.2904,0.5145,1
25,15.3518,1.0614,1
26,16.3916,1.0398,1
27,16.7793,0.3877,1
28,17.4160,0.6366,1
29,18.1545,0.7386,1
0,0.9385,0.9385,1
1,1.5942,0.6557,1
2,2.7095,1.1153,1
3,3.7049,0.9954,1
4,4.5618,0.8569,1
5,4.7673,0.2055,1
6,5.0031,0.2358,1
7,5.2805,0.2773,1
8,5.7610,0.4806,1
9,6.1322,0.3712,1
10,6.7244,0.5922,1
11,7.6462,0.9218,1
12,8.5587,0.9125,1
13,9.3716,0.8129,1
14,10.1821,0.8105,1
15,10.8249,0.6429,1
16,11.7747,0.9497,1
17,12.8445,1.0698,1
18,13.6922,0.8477,1
19,14.8286,1.1364,1
20,15.8184,0.9898,1
21,16.3433,0.5249,1
22,17.0829,0.7397,1
23,18.1428,1.0599,1
24,19.2773,1.1345,1
25,20.0822,0.8049,1
26,20.8838,0.8017,1
27,21.2980,0.4142,1
28,21.8984,0.6004,1
29,22.6094,0.7110,1
0,0.9989,0.9989,1
1,1.9969,0.9980,1
2,2.6715,0.6745,1
3,3.1743,0.5028,1
4,4.2051,1.0308,1
5,5.1913,0.9862,1
6,5.5536,0.3623,1
7,6.3936,0.8400,1
8,7.2332,0.8396,1
9,8.3993,1.1661,1
10,8.7671,0.3677,1
11,9.3111,0.5441,1
12,10.2204,0.9093,1
13,10.7908,0.5704,1
14,11.8715,1.0807,1
15,12.1458,0.2743,1
16,13.2175,1.0717,1
17,14.3160,1.0985,1
18,15.0224,0.7064,1
19,16.1877,1.1653,1
20,17.1296,0.9419,1
21,18.2924,1.1628,1
22,19.2690,0.9766,1
23,20.1625,0.8935,1
24,20.4348,0.2722,1
25,20.9987,0.5639,1
26,21.4390,0.4403,1
27,22.4830,1.0440,1
28,23.5093,1.0263,1
29,24.1232,0.6139,1
0,1.1528,1.1528,1
1,1.4489,0.2960,1
2,1.8427,0.3939,1
3,2.7660,0.9233,1
4,3.9117,1.1457,1
5,4.9462,1.0345,1
6,5.3588,0.4125,1
7,5.6552,0.2965,1
8,5.8811,0.2259,1
9,6.9888,1.1076,1
10,7.4721,0.4833,1
11,8.0983,0.6262,1
12,8.7026,0.6042,1
13,9.5449,0.8423,1
14,10.2196,0.6747,1
15,11.2260,1.0064,1
16,14.8556,3.6296,1
17,15.5144,0.6587,1
18,15.9606,0.4462,1
19,16.2457,0.2852,1
20,16.6034,0.3576,1
21,16.8086,0.2053,1
22,17.9780,1.1694,1
23,18.6289,0.6509,1
24,19.6515,1.0226,1
25,20.7336,1.0821,1
26,21.2693,0.5357,1
27,21.9783,0.7090,1
28,22.9030,0.9247,1
29,24.0885,1.1855,1
0,0.3811,0.3811,1
1,0.6016,0.2206,1
2,1.4201,0.8184,1
3,2.2614,0.8413,1
4,3.2143,0.9529,1
5,3.6327,0.4183,1
6,4.2171,0.5845,1
7,5.3256,1.1084,1
8,6.4014,1.0759,1
9,7.2915,0.8901,1
10,8.4490,1.1575,1
11,8.9591,0.5101,1
12,9.9487,0.9896,1
13,14.9878,5.0391,1
14,15.5524,0.5647,1
15,16.1493,0.5969,1
16,16.8094,0.6601,1
17,17.9355,1.1261,1
18,18.4282,0.4927,1
19,19.4944,1.0662,1
20,20.5831,1.0887,1
21,20.9898,0.4068,1
22,22.0229,1.0330,1
23,22.8659,0.8430,1
24,23.4112,0.5453,1
25,24.3983,0.9871,1
26,24.9994,0.6010,1
27,25.6400,0.6407,1
28,26.8145,1.1744,1
29,27.6284,0.8139,1
0,0.4325,0.4325,1
1,0.9426,0.5101,1
2,1.8566,0.9141,1
3,2.6249,0.7682,1
4,7.6923,5.0674,1
5,8.8096,1.1173,1
6,9.5245,0.7149,1
7,10.1154,0.5909,1
8,10.5755,0.4601,1
9,11.6270,1.0516,1
10,12.7537,1.1267,1
11,13.6398,0.8861,1
12,14.7358,1.0960,1
13,15.8460,1.1103,1
14,16.4403,0.5942,1
15,17.2276,0.7873,1
16,18.1849,0.9573,1
17,19.1923,1.0074,1
18,19.8472,0.6549,1
19,21.0440,1.1968,1
20,21.8362,0.7922,1
21,22.6809,0.8446,1
22,22.9356,0.2547,1
23,23.1849,0.2493,1
24,23.7243,0.5394,1
25,24.5107,0.7864,1
26,25.3787,0.8680,1
27,26.4112,1.0325,1
28,27.2317,0.8205,1
29,27.5145,0.2827,1
0,1.1391,1.1391,1
1,1.3704,0.2314,1
2,1.5867,0.2162,1
3,7.4534,5.8667,1
4,8.3416,0.8882,1
5,9.1662,0.8246,1
6,10.2847,1.1185,1
7,11.3279,1.0432,1
8,12.2622,0.9342,1
9,12.7429,0.4808,1
10,13.9274,1.1845,1
11,14.6527,0.7252,1
12,15.5027,0.8500,1
13,15.7243,0.2216,1
14,16.3971,0.6728,1
15,17.3197,0.9227,1
16,17.8931,0.5734,1
17,18.8072,0.9141,1
18,19.0842,0.2770,1
19,20.0419,0.9578,1
20,20.7976,0.7556,1
21,21.7693,0.9717,1
22,22.6746,0.9053,1
23,22.9214,0.2469,1
24,23.5534,0.6319,1
25,24.6052,1.0518,1
26,24.8071,0.2018,1
27,25.0787,0.2717,1
28,26.0164,0.9376,1
29,26.7893,0.7729,1
0,0.3479,0.3479,1
1,0.7127,0.3647,1
2,1.0803,0.3676,1
3,2.0720,0.9918,1
4,2.3913,0.3193,1
5,2.6072,0.2159,1
6,3.3915,0.7843,1
7,3.6021,0.2106,1
8,4.5254,0.9233,1
9,5.3681,0.8427,1
10,5.5869,0.2189,1
11,6.1570,0.5701,1
12,7.0896,0.9326,1
13,7.3349,0.2452,1
14,7.9977,0.6628,1
15,8.9035,0.9058,1
16,9.6082,0.7046,1
17,9.9073,0.2992,1
18,10.8748,0.9675,1
19,11.5100,0.6352,1
20,11.9900,0.4800,1
21,12.3013,0.3113,1
22,12.9228,0.6215,1
23,13.5775,0.6547,1
24,14.3893,0.8117,1
25,14.7692,0.3799,1
26,15.1869,0.4177,1
27,15.6535,0.4666,1
28,16.8427,1.1893,1
29,17.4327,0.5899,1
0,0.2793,0.2793,1
1,0.9759,0.6967,1
2,1.6926,0.7166,1
3,2.3821,0.6895,1
4,2.7916,0.4095,1
5,2.9984,0.2069,1
6,7.0069,4.0085,1
7,8.0150,1.0081,1
8,8.7540,0.7391,1
9,9.1410,0.3870,1
10,10.1570,1.0160,1
11,10.4631,0.3061,1
12,10.8662,0.4031,1
13,11.4084,0.5422,1
14,12.0623,0.6539,1
15,12.5845,0.5222,1
16,12.7985,0.2140,1
17,13.9222,1.1238,1
18,14.2050,0.2828,1
19,14.6101,0.4050,1
20,14.9599,0.3499,1
21,15.8453,0.8853,1
22,16.7433,0.8980,1
23,17.6858,0.9425,1
24,18.0479,0.3621,1
25,18.9463,0.8983,1
26,19.8426,0.8963,1
27,20.1118,0.2692,1
28,20.7434,0.6316,1
29,21.6926,0.9492,1
0,1.1582,1.1582,1
1,1.7338,0.5755,1
2,2.8696,1.1358,1
3,9.6080,6.7385,1
4,10.7476,1.1396,1
5,11.2209,0.4733,1
6,11.8427,0.6217,1
7,12.0554,0.2127,1
8,12.3819,0.3265,1
9,13.5438,1.1619,1
10,13.9372,0.3935,1
11,14.4653,0.5281,1
12,14.7168,0.2515,1
13,14.9638,0.2470,1
14,15.2196,0.2558,1
15,15.5044,0.2848,1
16,15.7368,0.2324,1
17,16.0933,0.3565,1
18,16.8574,0.7641,1
19,17.5797,0.7224,1
20,18.5954,1.0157,1
21,19.1178,0.5224,1
22,19.6004,0.4826,1
23,20.1612,0.5609,1
24,20.8538,0.6925,1
25,21.9505,1.0968,1
26,22.9508,1.0002,1
27,23.7983,0.8476,1
28,24.6696,0.8712,1
29,25.3975,0.7280,1
0,0.8786,0.8786,1
1,1.5221,0.6435,1
2,1.7818,0.2597,1
3,2.0900,0.3082,1
4,3.1448,1.0548,1
5,3.4030,0.2582,1
6,3.6785,0.2754,1
7,4.0977,0.4193,1
8,4.4631,0.3654,1
9,4.9180,0.4549,1
10,5.4685,0.5505,1
11,5.7653,0.2968,1
12,6.5391,0.7738,1
13,7.1262,0.5871,1
14,7.5422,0.4160,1
15,8.0373,0.4951,1
16,8.6993,0.6620,1
17,9.0938,0.3945,1
18,17.9807,8.8869,1
19,18.5312,0.5505,1
20,19.2421,0.7108,1
21,20.1667,0.9247,1
22,20.8003,0.6336,1
23,21.7761,0.9758,1
24,22.3408,0.5648,1
25,23.3214,0.9806,1
26,24.1468,0.8254,1
27,25.1885,1.0417,1
28,26.0743,0.8858,1
29,26.2849,0.2106,1
0,0.2647,0.2647,1
1,0.4727,0.2080,1
2,0.9099,0.4372,1
3,1.9244,1.0145,1
4,2.9230,0.9986,1
5,3.4345,0.5115,1
6,4.2004,0.7659,1
7,5.1640,0.9636,1
8,5.4686,0.3046,1
9,6.5872,1.1186,1
10,7.7707,1.1834,1
11,8.6605,0.8898,1
12,9.1573,0.4968,1
13,9.6413,0.4839,1
14,10.7851,1.1438,1
15,20.6679,9.8828,1
16,21.7139,1.0460,1
17,22.3687,0.6548,1
18,22.5806,0.2119,1
19,23.3774,0.7968,1
20,24.1537,0.7763,1
21,24.5555,0.4018,1
22,25.1912,0.6357,1
23,26.0774,0.8862,1
24,26.6432,0.5658,1
25,27.0999,0.4567,1
26,27.7272,0.6273,1
27,27.9882,0.2610,1
28,29.0022,1.0139,1
29,29.4342,0.4320,1
0,1.0855,1.0855,1
1,2.2243,1.1387,1
2,3.3240,1.0997,1
3,3.8685,0.5445,1
4,4.7667,0.8982,1
5,4.9941,0.2275,1
6,5.8961,0.9020,1
7,6.8418,0.9457,1
8,7.2854,0.4436,1
9,7.7539,0.4686,1
10,7.9961,0.2421,1
11,8.6861,0.6901,1
12,9.3484,0.6623,1
13,17.0944,7.7460,1
14,17.9777,0.8833,1
15,18.6582,0.6805,1
16,19.1687,0.5105,1
17,19.7321,0.5635,1
18,20.5369,0.8047,1
19,21.1224,0.5855,1
20,21.6151,0.4927,1
21,22.1352,0.5201,1
22,23.0541,0.9188,1
23,23.3050,0.2509,1
24,23.8204,0.5154,1
25,24.9891,1.1687,1
26,25.7097,0.7207,1
27,26.3378,0.6281,1
28,27.2862,0.9484,1
29,27.7489,0.4627,1
0,1.0637,1.0637,1
1,2.1994,1.1357,1
2,2.5685,0.3692,1
3,3.5573,0.9888,1
4,3.9225,0.3652,1
5,4.8365,0.9140,1
6,5.9225,1.0859,1
7,6.3048,0.3823,1
8,6.7510,0.4462,1
9,7.6676,0.9165,1
10,8.5232,0.8556,1
11,9.5681,1.0449,1
12,18.6385,9.0704,1
13,19.1621,0.5236,1
14,19.8906,0.7285,1
15,20.6084,0.7178,1
16,21.5254,0.9169,1
17,22.1907,0.6654,1
18,22.9103,0.7196,1
19,23.9757,1.0654,1
20,24.2804,0.3047,1
21,25.1593,0.8789,1
22,25.7076,0.5482,1
23,26.5720,0.8644,1
24,27.6671,1.0951,1
25,28.4861,0.8191,1
26,28.9686,0.4824,1
27,29.6209,0.6523,1
28,30.8183,1.1974,1
29,31.1512,0.3330,1
0,0.6541,0.6541,1
1,1.6948,1.0407,1
2,2.8311,1.1363,1
3,3.9966,1.1655,1
4,4.4385,0.4419,1
5,5.5216,1.0831,1
6,6.2961,0.7745,1
7,6.9977,0.7016,1
8,7.9611,0.9633,1
9,8.1754,0.2143,1
10,9.2901,1.1147,1
11,10.1909,0.9008,1
12,10.6786,0.4877,1
13,11.5504,0.8718,1
14,11.7736,0.2232,1
15,12.9030,1.1294,1
16,13.2604,0.3574,1
17,13.6146,0.3542,1
18,14.4373,0.8227,1
19,15.1409,0.7036,1
20,15.6119,0.4710,1
21,16.3352,0.7233,1
22,16.8961,0.5609,1
23,17.2727,0.3766,1
24,18.2054,0.9327,1
25,18.7576,0.5522,1
26,19.6113,0.8537,1
27,20.1567,0.5454,1
28,21.0735,0.9168,1
29,21.8014,0.7279,1
0,1.0072,1.0072,1
1,1.2366,0.2294,1
2,1.5986,0.3619,1
3,2.7102,1.1117,1
4,3.6284,0.9181,1
5,4.5035,0.8751,1
6,5.6439,1.1404,1
7,6.2199,0.5760,1
8,11.3442,5.1243,1
9,12.1268,0.7825,1
10,12.3847,0.2580,1
11,12.9601,0.5754,1
12,14.0883,1.1282,1
13,14.7397,0.6514,1
14,15.6872,0.9475,1
15,16.4014,0.7142,1
16,17.2745,0.8731,1
17,17.7573,0.4828,1
18,18.4255,0.6682,1
19,19.3058,0.8803,1
20,20.2732,0.9674,1
21,21.4217,1.1485,1
22,21.9472,0.5255,1
23,22.6392,0.6920,1
24,23.0044,0.3652,1
25,23.6757,0.6713,1
26,24.4576,0.7820,1
27,24.9701,0.5125,1
28,25.5881,0.6180,1
29,26.1003,0.5122,1
0,0.8068,0.8068,1
1,1.4947,0.6879,1
2,2.5337,1.0390,1
3,3.5662,1.0325,1
4,4.1809,0.6148,1
5,4.5164,0.3355,1
6,5.1014,0.5850,1
7,5.9902,0.8888,1
8,6.4921,0.5019,1
9,6.7404,0.2483,1
10,7.7966,1.0561,1
11,8.8994,1.1028,1
12,9.6195,0.7201,1
13,10.5488,0.9293,1
14,14.7666,4.2179,1
15,15.6486,0.8820,1
16,16.7761,1.1274,1
17,17.1148,0.3387,1
18,17.7519,0.6371,1
19,18.5621,0.8102,1
20,18.8811,0.3190,1
21,19.5570,0.6759,1
22,20.0015,0.4444,1
23,20.2902,0.2888,1
24,20.5928,0.3025,1
25,21.3588,0.7661,1
26,22.1056,0.7468,1
27,22.3989,0.2933,1
28,23.5160,1.1171,1
29,24.1184,0.6024,1
30,25.2515,1.1331,1
31,25.9765,0.7250,1
32,26.8681,0.8916,1
33,27.5922,0.7241,1
34,27.8794,0.2872,1
35,28.7277,0.8483,1
36,29.1017,0.3740,1
37,29.3603,0.2586,1
38,29.5744,0.2141,1
39,29.9777,0.4033,1
40,30.3829,0.4052,1
41,30.8023,0.4195,1
42,31.8719,1.0695,1
43,32.7521,0.8802,1
44,33.8447,1.0926,1
45,34.4468,0.6021,1
46,35.4391,0.9923,1
47,36.1182,0.6791,1
48,36.4999,0.3817,1
49,37.3933,0.8934,1
0,0.3644,0.3644,1
1,1.2647,0.9003,1
2,1.5937,0.3290,1
3,2.4763,0.8826,1
4,3.1824,0.7061,1
5,3.6632,0.4808,1
6,4.4124,0.7492,1
7,4.9255,0.5131,1
8,5.2511,0.3256,1
9,6.2913,1.0403,1
10,6.8908,0.5995,1
11,7.7650,0.8742,1
12,14.3449,6.5799,1
13,15.2974,0.9526,1
14,16.0512,0.7537,1
15,16.5982,0.5470,1
16,17.7224,1.1242,1
17,18.4470,0.7246,1
18,19.5891,1.1421,1
19,20.3372,0.7481,1
20,21.2682,0.9310,1
21,21.8824,0.6142,1
22,22.4613,0.5789,1
23,23.5784,1.1171,1
24,24.7316,1.1533,1
25,25.5917,0.8601,1
26,25.9977,0.4060,1
27,26.2975,0.2998,1
28,27.3973,1.0998,1
29,28.1239,0.7266,1
0,0.7593,0.7593,1
1,1.5162,0.7568,1
2,1.9071,0.3910,1
3,2.4413,0.5341,1
4,2.9966,0.5553,1
5,4.1578,1.1612,1
6,4.8404,0.6827,1
7,5.6168,0.7764,1
8,5.9412,0.3244,1
9,6.9457,1.0045,1
10,12.0930,5.1473,1
11,13.0840,0.9910,1
12,13.4542,0.3702,1
13,14.1599,0.7057,1
14,14.8510,0.6911,1
15,15.8667,1.0157,1
16,16.1244,0.2577,1
17,16.6395,0.5150,1
18,17.3162,0.6767,1
19,17.7216,0.4054,1
20,18.1440,0.4224,1
21,18.7421,0.5981,1
22,19.0077,0.2656,1
23,19.3523,0.3446,1
24,20.3348,0.9825,1
25,21.0944,0.7597,1
26,21.8926,0.7981,1
27,23.0800,1.1874,1
28,24.2017,1.1217,1
29,24.6399,0.4382,1
30,25.4374,0.7976,1
31,26.4142,0.9768,1
32,27.1554,0.7412,1
33,27.9872,0.8318,1
34,28.2242,0.2369,1
35,29.3550,1.1309,1
36,30.4493,1.0943,1
37,31.3050,0.8557,1
38,31.7761,0.4712,1
39,32.1805,0.4044,1
40,33.1444,0.9639,1
41,33.6186,0.4742,1
42,34.4763,0.8577,1
43,35.6719,1.1956,1
44,36.1377,0.4658,1
45,36.9144,0.7767,1
46,37.2741,0.3596,1
47,38.4055,1.1314,1
48,39.0052,0.5997,1
49,39.2697,0.2645,1
0,1.0000,1.0000,1
1,1.8000,0.8000,1
2,2.5000,0.7000,1
3,3.0000,0.5000,1
4,3.3136,0.3136,0
5,3.8000,0.4864,0
6,4.5000,0.7000,0
7,4.9000,0.4000,0
8,5.8959,0.9959,0
9,7.0130,1.1172,0
10,7.7474,0.7344,0
11,8.8661,1.1187,0
12,9.6340,0.7680,0
13,10.7666,1.1326,0
14,11.1455,0.3789,0
15,12.2796,1.1341,0
16,12.6176,0.3380,0
17,13.5002,0.8826,0
18,14.3516,0.8514,0
19,14.7432,0.3916,0
20,15.1377,0.3945,0
21,16.1277,0.9901,0
0,1.0000,1.0000,1
1,1.8000,0.8000,1
2,2.5000,0.7000,1
3,3.0000,0.5000,1
4,3.9050,0.9050,0
5,4.6761,0.7711,0
6,5.7087,1.0326,0
7,6.3609,0.6522,0
8,6.6135,0.2526,0
9,7.8096,1.1961,0
10,8.7384,0.9288,0
11,8.9596,0.2212,0
12,9.9570,0.9975,0
13,10.3729,0.4158,0
14,10.9207,0.5479,0
15,11.7069,0.7862,0
16,12.4491,0.7422,0
17,13.1900,0.7409,0
18,14.2482,1.0582,0
19,14.8753,0.6271,0
20,15.1584,0.2832,0
21,16.1789,1.0204,0
22,16.3998,0.2209,0
23,16.7055,0.3057,0
24,17.0112,0.3056,0
25,18.1306,1.1194,0
26,19.0935,0.9629,0
27,20.2442,1.1507,0
28,21.1819,0.9377,0
29,22.1010,0.9191,0
30,22.6022,0.5012,1
31,23.0761,0.4739,1
32,23.7117,0.6356,1
33,24.0618,0.3501,1
34,24.6757,0.6139,1
35,25.0232,0.3474,1
36,25.2389,0.2157,1
37,25.5183,0.2794,1
38,26.4789,0.9606,1
39,27.0853,0.6064,1
40,27.7419,0.6567,1
41,28.9396,1.1977,1
42,29.1715,0.2319,1
43,29.6112,0.4397,1
44,29.8533,0.2421,1
45,30.4824,0.6291,1
46,30.9845,0.5021,1
47,31.3781,0.3936,1
48,37.2292,5.8511,1
49,38.1769,0.9477,1
0,1.0000,1.0000,1
1,1.8000,0.8000,1
2,2.5000,0.7000,1
3,3.0000,0.5000,1
4,3.9115,0.9115,0
5,4.6268,0.7154,0
6,5.5655,0.9386,0
7,6.5220,0.9566,0
8,6.8126,0.2906,0
9,7.4841,0.6715,0
10,8.0127,0.5286,0
11,8.2184,0.2058,0
12,9.0864,0.8680,0
13,9.3100,0.2236,0
14,9.8982,0.5881,0
15,10.5105,0.6123,0
16,11.6348,1.1243,0
17,12.5494,0.9146,0
18,13.3388,0.7894,0
19,13.9801,0.6413,0
20,14.5630,0.5829,0
21,15.1538,0.5908,0
22,15.4987,0.3449,0
23,16.2900,0.7914,0
0,1.0000,1.0000,1
1,1.8000,0.8000,1
2,2.5000,0.7000,1
3,3.0000,0.5000,1
4,3.7782,0.7782,0
5,3.8000,0.0218,0
6,4.5000,0.7000,0
7,4.9000,0.4000,0
8,5.8449,0.9449,0
9,6.7578,0.9128,0
10,7.1815,0.4237,0
11,7.9954,0.8139,0
12,8.5414,0.5460,0
13,9.0166,0.4752,0
14,9.9252,0.9086,0
15,10.8348,0.9096,0
16,11.9686,1.1338,0
17,12.8667,0.8982,0
18,13.4679,0.6012,0
19,13.9114,0.4435,0
20,14.2236,0.3121,0
21,14.7933,0.5697,0
22,15.2205,0.4273,0
23,16.4204,1.1998,0
24,17.4965,1.0761,0
25,18.6666,1.1701,0
26,19.5974,0.9308,0
27,20.2074,0.6099,0
28,21.0370,0.8296,0
29,21.4042,0.3672,0
30,22.5773,1.1731,0
31,22.8748,0.2975,0
32,23.4922,0.6174,0
33,24.5965,1.1043,0
34,25.4435,0.8470,0
35,25.9611,0.5176,0
36,26.6202,0.6592,0
37,26.8812,0.2609,0
38,27.8038,0.9226,0
39,28.9389,1.1352,0
40,29.3680,0.4291,0
41,29.9036,0.5356,0
42,30.3593,0.4557,0
43,31.1639,0.8046,0
44,32.0119,0.8479,0
45,32.8033,0.7914,0
46,33.2338,0.4305,0
47,33.8019,0.5681,0
48,34.5579,0.7559,0
49,35.5166,0.9588,0
0,1.0000,1.0000,0
1,1.8000,0.8000,0
2,2.5000,0.7000,0
3,3.0000,0.5000,0
4,3.2468,0.2468,0
5,3.8000,0.5532,0
6,4.5000,0.7000,0
7,4.9000,0.4000,0
8,5.4054,0.5054,0
9,6.2587,0.8534,0
10,6.9811,0.7224,0
11,7.1983,0.2172,0
12,7.6974,0.4991,0
13,7.9734,0.2759,0
14,9.1090,1.1356,0
15,9.5718,0.4628,0
16,10.4022,0.8303,0
17,10.9974,0.5952,0
18,11.5251,0.5277,0
19,12.1261,0.6009,0
20,12.4781,0.3520,0
21,12.7856,0.3075,0
22,13.8901,1.1045,0
23,14.9347,1.0446,0
24,15.2630,0.3283,0
25,16.1146,0.8515,0
26,17.2971,1.1825,0
27,18.2337,0.9367,0
28,19.3507,1.1170,0
29,19.8693,0.5185,0
30,20.5487,0.6795,0
31,21.1142,0.5655,0
32,21.5249,0.4107,0
33,22.5182,0.9933,0
34,23.6015,1.0833,0
35,24.3574,0.7559,0
36,24.9517,0.5944,0
37,25.9823,1.0306,0
38,26.4864,0.5041,0
39,26.8380,0.3516,0
40,27.7568,0.9188,0
41,28.2513,0.4946,0
42,28.9308,0.6795,0
43,29.8842,0.9533,0
44,31.0436,1.1594,0
0,1.0000,1.0000,0
1,1.8000,0.8000,0
2,2.5000,0.7000,0
3,3.0000,0.5000,0
4,3.4233,0.4233,0
5,3.8000,0.3767,0
6,4.5000,0.7000,0
7,4.9000,0.4000,0
8,5.4331,0.5331,0
9,6.1500,0.7170,0
10,7.1893,1.0392,0
11,7.6974,0.5081,0
12,7.9942,0.2968,0
13,9.0697,1.0756,0
14,9.8643,0.7946,0
15,10.6979,0.8335,0
16,11.8294,1.1316,0
17,12.1862,0.3568,0
18,12.8473,0.6611,0
19,13.4401,0.5929,0
20,14.1015,0.6614,0
21,14.9023,0.8008,0
22,15.9316,1.0294,0
23,16.5737,0.6420,0
24,17.6048,1.0311,0
25,18.0620,0.4572,0
26,19.1673,1.1053,0
27,20.1706,1.0033,0
28,21.1393,0.9687,0
29,21.4119,0.2726,0
30,21.6268,0.2150,0
31,22.7608,1.1340,0
32,23.8478,1.0870,0
33,24.0825,0.2347,0
34,24.9741,0.8915,0
35,25.2752,0.3011,0
36,25.8647,0.5896,0
37,26.3324,0.4677,0
38,27.0466,0.7142,0
39,28.1144,1.0678,0
40,29.3041,1.1896,0
41,30.4361,1.1320,0
42,30.9482,0.5121,0
43,31.1500,0.2019,0
44,32.0625,0.9125,0
45,32.4846,0.4221,0
46,33.1962,0.7115,0
47,33.8735,0.6773,0
48,34.9160,1.0425,0
49,35.6176,0.7016,0
0,1.0000,1.0000,1
1,1.8000,0.8000,1
2,2.5000,0.7000,1
3,3.0000,0.5000,1
4,3.0000,0.0000,0
5,3.8000,0.8000,0
6,4.5000,0.7000,0
7,4.9000,0.4000,0
8,5.3021,0.4021,0
9,5.8194,0.5173,0
10,6.7638,0.9444,0
11,7.4905,0.7267,0
12,8.4221,0.9316,0
13,9.1580,0.7359,0
14,9.4876,0.3296,0
15,10.1492,0.6615,0
16,11.0711,0.9220,0
17,11.8485,0.7774,0
18,12.4453,0.5968,0
19,13.0356,0.5903,0
20,13.6469,0.6113,0
21,14.6150,0.9682,0
22,15.5634,0.9483,0
23,16.4809,0.9175,0
24,17.1895,0.7086,0
25,18.0318,0.8423,0
26,18.3873,0.3555,0
27,19.1175,0.7301,0
28,19.6047,0.4872,0
29,20.0876,0.4829,0
30,20.5336,0.4459,0
31,21.1435,0.6099,0
32,21.7334,0.5899,0
33,22.2873,0.5539,0
34,22.8653,0.5780,0
35,23.7348,0.8695,0
36,24.4951,0.7603,0
37,25.1679,0.6728,0
38,25.7411,0.5732,0
39,26.2024,0.4613,0
40,26.5761,0.3737,0
41,26.9943,0.4182,0
42,27.6860,0.6917,0
43,28.4580,0.7720,0
44,29.4491,0.9911,0
45,30.1353,0.6862,0
46,30.9625,0.8272,0
47,31.7525,0.7900,0
48,32.7146,0.9622,0
49,33.4914,0.7767,0
50,34.1902,0.6988,0
51,34.5132,0.3230,0
52,35.2520,0.7388,0
53,36.1471,0.8951,0
54,37.0664,0.9192,0
55,37.9542,0.8878,0
56,38.3164,0.3622,0
57,38.6836,0.3672,0
58,39.6271,0.9434,0
59,39.9273,0.3002,0
0,1.0000,1.0000,0
1,1.8000,0.8000,0
2,2.5000,0.7000,0
3,3.0000,0.5000,0
4,3.0000,0.0000,0
5,8.8500,5.8500,0
6,9.7086,0.8586,0
7,10.6569,0.9483,0
8,11.2270,0.5701,0
9,12.1190,0.8920,0
10,12.9565,0.8375,0
11,13.4751,0.5186,0
12,14.3115,0.8364,0
13,15.2609,0.9494,0
14,16.0703,0.8094,0
15,16.4728,0.4025,0
16,17.1521,0.6793,0
17,17.6027,0.4506,0
18,18.3770,0.7742,0
19,19.0969,0.7200,0
20,19.9154,0.8185,0
21,20.5482,0.6327,0
22,21.4118,0.8636,0
23,21.8621,0.4503,0
24,22.6729,0.8108,0
25,23.5257,0.8528,0
26,23.9724,0.4466,0
27,24.6042,0.6318,0
28,25.3761,0.7720,0
29,26.2938,0.9177,0
30,26.7545,0.4607,0
31,27.4990,0.7445,0
32,28.3002,0.8012,0
33,28.7603,0.4601,0
34,29.7242,0.9639,0
35,30.0341,0.3100,0
36,31.0030,0.9689,0
37,31.6091,0.6061,0
38,31.9566,0.3476,0
39,32.3926,0.4359,0
40,32.9917,0.5991,0
41,33.6190,0.6273,0
42,34.4319,0.8129,0
43,35.0662,0.6343,0
44,35.5680,0.5018,0
0,0.5945,0.5945,0
1,1.0301,0.4356,0
2,1.6371,0.6070,0
3,2.1954,0.5583,0
4,3.0214,0.8260,0
5,3.9407,0.9194,0
6,4.7713,0.8306,0
0,0.7518,0.7518,0
1,1.7085,0.9567,0
2,2.4983,0.7898,0
3,3.1786,0.6802,0
4,3.8339,0.6553,0
5,4.5096,0.6758,0
6,5.2186,0.7089,0
7,6.2125,0.9939,0
8,6.9114,0.6989,0
9,7.8089,0.8975,0
10,8.7096,0.9007,0
11,9.0116,0.3020,0
12,9.6525,0.6409,0
13,9.9946,0.3421,0
14,10.8046,0.8100,0
15,11.3761,0.5715,0
16,12.1505,0.7744,0
17,12.8365,0.6860,0
18,13.5528,0.7163,0
19,13.9612,0.4084,0
20,14.4477,0.4865,0
21,15.2656,0.8178,0
22,15.5900,0.3245,0
23,15.8909,0.3009,0
24,16.7882,0.8973,0
25,17.4271,0.6389,0
26,17.8514,0.4243,0
27,18.6534,0.8020,0
28,19.5877,0.9343,0
29,20.1449,0.5573,0
30,21.1272,0.9822,0
31,21.8398,0.7126,0
32,22.4529,0.6131,0
33,22.8969,0.4440,0
34,23.6385,0.7416,0
35,24.2801,0.6416,0
36,24.9940,0.7140,0
37,25.8802,0.8861,0
38,26.5474,0.6673,0
39,27.3195,0.7721,0
40,28.1620,0.8425,0
41,29.1552,0.9931,0
42,29.9860,0.8308,0
43,30.7960,0.8100,0
44,31.7313,0.9353,0
45,32.4545,0.7231,0
46,32.8703,0.4159,0
47,33.5740,0.7037,0
48,34.2176,0.6436,0
49,34.6731,0.4555,0
50,35.2404,0.5674,0
51,36.1055,0.8651,0
52,36.4359,0.3303,0
53,37.2125,0.7766,0
54,37.9777,0.7652,0
55,38.9009,0.9232,0
56,39.6397,0.7388,0
57,40.4014,0.7617,0
58,41.0470,0.6455,0
59,41.6227,0.5758,0
0,0.6725,0.6725,0
1,1.5936,0.9210,0
2,2.3652,0.7716,0
3,2.8935,0.5283,0
4,3.2964,0.4029,0
5,4.1454,0.8490,0
6,5.0772,0.9318,0
7,5.7579,0.6807,0
8,6.1732,0.4154,0
9,6.7031,0.5298,0
10,7.1598,0.4567,0
11,7.5232,0.3634,0
12,8.3259,0.8028,0
13,8.8210,0.4951,0
14,9.7445,0.9234,0
15,10.4942,0.7497,0
16,11.0003,0.5061,0
17,11.7085,0.7082,0
18,12.4133,0.7048,0
19,12.7432,0.3299,0
20,13.0894,0.3462,0
21,13.9166,0.8273,0
22,14.4646,0.5480,0
23,15.1914,0.7267,0
24,16.1244,0.9331,0
25,16.5492,0.4248,0
26,17.1319,0.5827,0
27,17.9018,0.7698,0
28,18.8499,0.9481,0
29,19.5104,0.6605,0
30,20.3902,0.8798,0
31,21.0324,0.6422,0
32,21.3733,0.3409,0
33,21.7722,0.3989,0
34,22.1642,0.3920,0
35,22.5626,0.3984,0
36,23.5576,0.9950,0
37,24.2324,0.6747,0
38,25.1982,0.9658,0
39,25.8950,0.6968,0
40,26.4929,0.5979,0
41,27.4829,0.9901,0
42,28.4188,0.9358,0
43,29.1210,0.7022,0
44,29.6159,0.4950,0
45,29.9258,0.3099,0
46,30.3049,0.3791,0
47,30.8568,0.5519,0
0,0.4479,0.4479,0
1,1.0256,0.5776,0
2,1.7611,0.7356,0
3,2.2694,0.5082,0
4,2.9479,0.6786,0
5,3.6363,0.6884,0
6,4.4400,0.8037,0
7,5.2844,0.8443,0
8,10.9012,5.6168,0
9,11.6852,0.7840,0
10,12.5861,0.9009,0
11,13.4030,0.8169,0
12,14.1810,0.7780,0
13,15.0829,0.9019,0
14,16.0492,0.9663,0
15,16.6210,0.5718,0
16,17.2928,0.6718,0
17,17.6678,0.3750,0
18,18.0528,0.3850,0
19,18.6540,0.6012,0
20,19.0625,0.4085,0
21,20.0445,0.9819,0
22,20.5788,0.5344,0
23,20.9951,0.4163,0
24,21.3782,0.3831,0
25,22.1231,0.7449,0
26,22.8470,0.7239,0
27,23.6841,0.8370,0
28,24.6207,0.9366,0
29,24.9798,0.3591,0
30,25.9176,0.9378,0
31,26.7260,0.8084,0
32,27.7140,0.9881,0
33,28.1913,0.4773,0
34,29.0150,0.8237,0
35,29.8316,0.8166,0
36,30.3887,0.5571,0
37,31.3446,0.9559,0
38,32.2041,0.8595,0
0,1.0000,1.0000,0
1,1.8000,0.8000,0
2,2.5000,0.7000,0
3,3.0000,0.5000,0
4,3.0000,0.0000,0
5,3.8000,0.8000,0
6,4.5000,0.7000,0
7,4.9000,0.4000,0
8,5.3917,0.4917,0
9,5.9124,0.5207,0
10,6.3279,0.4155,0
11,6.9022,0.5743,0
12,7.5926,0.6904,0
13,8.2634,0.6709,0
14,8.8669,0.6035,0
15,9.2303,0.3634,0
16,9.6230,0.3927,0
17,10.3385,0.7155,0
18,10.7954,0.4570,0
19,11.1599,0.3645,0
20,11.8502,0.6903,0
21,12.6725,0.8223,0
22,13.0928,0.4203,0
23,13.6220,0.5292,0
24,14.2401,0.6181,0
25,14.8620,0.6219,0
26,15.8199,0.9579,0
27,16.1823,0.3624,0
28,16.4912,0.3088,0
29,17.3628,0.8716,0
30,17.8959,0.5332,0
31,18.4619,0.5659,0
32,19.1033,0.6414,0
33,19.7722,0.6688,0
34,20.5693,0.7972,0
35,21.4918,0.9224,0
36,21.9773,0.4855,0
37,22.8491,0.8719,0
38,23.2341,0.3850,0
39,24.0333,0.7992,0
40,24.4612,0.4279,0
41,25.2087,0.7475,0
42,25.7682,0.5595,0
43,26.5747,0.8065,0
44,27.0183,0.4436,0
45,27.6907,0.6724,0
46,28.0004,0.3097,0
47,28.4043,0.4039,0
48,29.3936,0.9893,0
49,30.1609,0.7673,0
50,30.5096,0.3487,0
51,30.8553,0.3457,0
52,31.6352,0.7798,0
53,32.2800,0.6449,0
54,32.6041,0.3240,0
55,33.1877,0.5837,0
56,33.6228,0.4351,0
57,33.9943,0.3715,0
58,34.9889,0.9946,0
59,35.9118,0.9229,0
0,0.7145,0.7145,0
1,1.0263,0.3118,0
2,1.6194,0.5931,0
3,2.0690,0.4495,0
4,2.8113,0.7424,0
5,3.4656,0.6543,0
6,4.2650,0.7994,0
7,4.9296,0.6646,0
8,5.3001,0.3706,0
9,5.6641,0.3640,0
10,6.2084,0.5442,0
11,6.9404,0.7320,0
12,7.6474,0.7070,0
13,8.2079,0.5604,0
14,8.8096,0.6017,0
15,9.2238,0.4142,0
16,9.6937,0.4699,0
17,10.6117,0.9180,0
18,11.3037,0.6919,0
19,12.1871,0.8834,0
20,12.5249,0.3378,0
21,13.4585,0.9336,0
22,14.1970,0.7385,0
23,14.9845,0.7875,0
24,15.5753,0.5908,0
25,15.9183,0.3430,0
26,16.5766,0.6582,0
27,17.0956,0.5191,0
28,17.6484,0.5528,0
29,18.0003,0.3518,0
30,18.6050,0.6047,0
31,19.1985,0.5935,0
32,19.5425,0.3441,0
33,20.3207,0.7781,0
34,20.8192,0.4985,0
35,21.7139,0.8947,0
36,22.5818,0.8679,0
37,23.2232,0.6413,0
38,24.1295,0.9063,0
39,24.7605,0.6310,0
40,25.4885,0.7279,0
41,25.8359,0.3475,0
42,26.2406,0.4046,0
43,27.1955,0.9549,0
44,28.1904,0.9949,0
45,28.7064,0.5161,0
46,29.1431,0.4366,0
47,29.9287,0.7856,0
48,30.4131,0.4844,0
49,30.9483,0.5352,0
50,31.3264,0.3781,0
51,32.0308,0.7044,0
52,32.8138,0.7830,0
53,33.4599,0.6461,0
54,33.8250,0.3651,0
55,34.5028,0.6778,0
56,35.3105,0.8077,0
57,35.6567,0.3462,0
58,36.0735,0.4168,0
59,36.8330,0.7595,0
0,0.5656,0.5656,0
1,1.4072,0.8415,0
2,2.0945,0.6873,0
3,2.8767,0.7823,0
4,3.4555,0.5788,0
5,4.0832,0.6277,0
6,4.4900,0.4068,0
7,5.1201,0.6300,0
8,5.9417,0.8216,0
9,6.5427,0.6010,0
10,6.8902,0.3475,0
11,7.4388,0.5486,0
12,8.2705,0.8317,0
13,8.7267,0.4562,0
14,9.4299,0.7033,0
15,9.8623,0.4323,0
16,10.6201,0.7578,0
17,10.9628,0.3427,0
18,11.6296,0.6668,0
19,12.4789,0.8493,0
20,12.8771,0.3982,0
21,13.3681,0.4910,0
22,13.8088,0.4407,0
23,14.7269,0.9181,0
24,15.5809,0.8541,0
25,16.5166,0.9357,0
26,17.3857,0.8691,0
27,18.2932,0.9075,0
28,18.7738,0.4806,0
29,19.6675,0.8937,0
30,20.4080,0.7405,0
31,21.1030,0.6950,0
32,21.5169,0.4139,0
33,21.9163,0.3994,0
34,22.2440,0.3276,0
35,22.5671,0.3231,0
36,23.2788,0.7117,0
37,23.9073,0.6285,0
38,24.9036,0.9963,0
39,25.5796,0.6760,0
40,26.1258,0.5462,0
41,26.5588,0.4330,0
0,1.0000,1.0000,0
1,1.8000,0.8000,0
2,2.5000,0.7000,0
3,3.0000,0.5000,0
4,3.0000,0.0000,0
5,3.8000,0.8000,0
6,4.5000,0.7000,0
7,4.9000,0.4000,0
8,5.3385,0.4385,0
9,5.7680,0.4295,0
10,6.4032,0.6352,0
11,6.9428,0.5395,0
12,7.8078,0.8650,0
13,8.7013,0.8935,0
14,9.0469,0.3456,0
15,9.8221,0.7752,0
16,10.6907,0.8686,0
17,11.2850,0.5943,0
18,11.6171,0.3321,0
19,12.1664,0.5493,0
20,12.7099,0.5435,0
21,13.6098,0.8999,0
22,14.5037,0.8939,0
23,14.9894,0.4857,0
24,15.3033,0.3140,0
25,15.8640,0.5607,0
26,16.4472,0.5832,0
27,16.8724,0.4252,0
0,1.0000,1.0000,0
1,1.8000,0.8000,0
2,2.5000,0.7000,0
3,3.0000,0.5000,0
4,3.0000,0.0000,0
5,3.8000,0.8000,0
6,4.5000,0.7000,0
7,4.9000,0.4000,0
8,5.6091,0.7091,0
9,6.1780,0.5689,0
10,6.9337,0.7557,0
11,7.6803,0.7466,0
12,8.6799,0.9995,0
13,9.0592,0.3794,0
14,9.4648,0.4056,0
15,10.2962,0.8314,0
16,11.0485,0.7523,0
17,11.9431,0.8946,0
18,12.8127,0.8696,0
19,13.4865,0.6738,0
20,14.0556,0.5692,0
21,14.6673,0.6117,0
22,15.1518,0.4845,0
23,15.6286,0.4768,0
24,15.9541,0.3256,0
25,16.5563,0.6022,0
26,17.2138,0.6575,0
27,17.9944,0.7806,0
28,18.8933,0.8989,0
29,19.3953,0.5019,0
30,20.3642,0.9690,0
31,21.1669,0.8027,0
32,22.1551,0.9882,0
33,23.0698,0.9148,0
34,23.3805,0.3107,0
35,23.7534,0.3730,0
36,24.6319,0.8784,0
37,25.5296,0.8978,0
38,25.9641,0.4345,0
39,26.6645,0.7004,0
40,27.3438,0.6793,0
41,27.6746,0.3308,0
42,28.3711,0.6964,0
43,29.0844,0.7133,0
44,29.5395,0.4551,0
45,29.9806,0.4411,0
46,30.3361,0.3555,0
47,30.9261,0.5900,0
48,31.5108,0.5846,0
49,32.2670,0.7562,0
50,32.6443,0.3773,0
51,33.2706,0.6263,0
52,33.8874,0.6168,0
53,34.7330,0.8456,0
54,35.1126,0.3796,0
55,35.6848,0.5722,0
56,36.0429,0.3582,0
57,37.0340,0.9910,0
58,37.4071,0.3731,0
59,37.9838,0.5767,0
0,0.4392,0.4392
1,0.8351,0.3958
2,1.5316,0.6965
3,2.6124,1.0808
4,3.4978,0.8854
5,4.2862,0.7884
6,5.3448,1.0586
7,6.1054,0.7607
8,7.1629,1.0575
9,7.5515,0.3885
10,8.3846,0.8331
11,8.9706,0.5861
12,9.4905,0.5198
13,10.5424,1.0519
14,11.4201,0.8777
15,12.5610,1.1409
16,12.8869,0.3258
17,13.2025,0.3156
18,13.6653,0.4629
19,14.4559,0.7905
20,15.6531,1.1972
21,16.3744,0.7213
22,17.2550,0.8806
23,17.8801,0.6252
24,18.9364,1.0562
25,19.7967,0.8603
26,20.4618,0.6651
27,20.9632,0.5014
28,21.9248,0.9616
29,23.1088,1.1839
30,24.2176,1.1088
31,24.5871,0.3695
32,25.4855,0.8984
33,25.9682,0.4827
34,26.7651,0.7969
35,27.0803,0.3152
36,28.0041,0.9237
37,29.1658,1.1617
38,30.2863,1.1205
39,30.6429,0.3566
0,0.3372,0.3372
1,1.0428,0.7056
2,1.7303,0.6875
3,2.9240,1.1937
4,4.0735,1.1494
5,5.2609,1.1874
6,5.6973,0.4364
7,6.6568,0.9595
8,7.2386,0.5817
9,8.3530,1.1145
10,9.5199,1.1669
11,10.6214,1.1015
12,11.1208,0.4994
13,12.2062,1.0854
14,12.6136,0.4074
15,13.3546,0.7410
16,14.1044,0.7498
17,15.3010,1.1966
18,15.7650,0.4639
19,16.4939,0.7290
20,16.9471,0.4532
21,17.5672,0.6201
22,18.1253,0.5581
23,19.3104,1.1851
24,20.0109,0.7005
25,20.9756,0.9647
26,21.2851,0.3095
27,21.8929,0.6078
28,22.5041,0.6113
29,23.1261,0.6220
0,0.9849,0.9849
1,2.1674,1.1825
2,2.6174,0.4500
3,3.3570,0.7396
4,3.6699,0.3129
5,4.6717,1.0019
6,5.1474,0.4757
7,11.7235,6.5760
8,12.4990,0.7755
9,13.5519,1.0529
10,14.4970,0.9451
11,15.3983,0.9013
12,16.5366,1.1383
13,17.4473,0.9107
14,18.5532,1.1060
15,19.4356,0.8824
16,20.2211,0.7855
17,20.8780,0.6569
18,21.9843,1.1063
19,22.5023,0.5180
20,23.2435,0.7412
21,24.0791,0.8356
22,25.2754,1.1963
23,25.5846,0.3093
24,25.9371,0.3524
25,26.8290,0.8920
26,27.9021,1.0731
27,29.0367,1.1347
28,29.7886,0.7519
29,30.2919,0.5033
0,0.9146,0.9146
1,1.7162,0.8016
2,2.2363,0.5202
3,2.7606,0.5242
4,3.0619,0.3013
5,8.4211,5.3593
6,8.8558,0.4347
7,9.2210,0.3651
8,9.5865,0.3655
9,9.8888,0.3024
10,11.0870,1.1982
11,11.5584,0.4714
12,12.4967,0.9383
13,12.8182,0.3214
14,13.5487,0.7306
15,14.3092,0.7605
16,15.2254,0.9162
17,16.3389,1.1135
18,17.2642,0.9253
19,18.2003,0.9362
20,19.1875,0.9872
21,20.3121,1.1245
22,21.2155,0.9035
23,22.2911,1.0755
24,23.4876,1.1965
25,24.4818,0.9943
26,25.6787,1.1968
27,26.2059,0.5273
28,27.1792,0.9733
29,27.8443,0.6650
0,0.4470,0.4470
1,1.6228,1.1759
2,2.4893,0.8664
3,3.4050,0.9158
4,4.0433,0.6383
5,4.5580,0.5147
6,5.0360,0.4780
7,5.4363,0.4003
8,6.1509,0.7146
9,6.6306,0.4797
10,7.4350,0.8044
11,8.5270,1.0919
12,9.3601,0.8332
13,10.0225,0.6624
14,10.7052,0.6827
15,11.1717,0.4665
16,11.5157,0.3440
17,11.8640,0.3482
18,12.7876,0.9236
19,13.5860,0.7985
20,14.3594,0.7734
21,14.7517,0.3923
22,15.4504,0.6986
23,16.6036,1.1532
24,17.1267,0.5231
25,18.2667,1.1401
26,18.9589,0.6922
27,19.8640,0.9051
28,20.9342,1.0702
29,21.3713,0.4371
0,0.4922,0.4922
1,1.2971,0.8049
2,1.8175,0.5204
3,2.2983,0.4808
4,15.2592,12.9610
5,16.4346,1.1754
6,16.8544,0.4198
7,17.7802,0.9259
8,18.6793,0.8990
9,19.2903,0.6111
10,19.8632,0.5729
11,20.5875,0.7243
12,20.9461,0.3586
13,21.9248,0.9787
14,22.7932,0.8684
15,23.3721,0.5789
16,23.7731,0.4010
17,24.3990,0.6259
18,25.4312,1.0322
19,26.3317,0.9005
20,27.2612,0.9295
21,28.3417,1.0805
22,29.2596,0.9179
23,29.6814,0.4217
24,30.7051,1.0237
25,31.6159,0.9109
26,32.3256,0.7097
27,32.8014,0.4758
28,33.6800,0.8786
29,34.5947,0.9147
0,0.7236,0.7236
1,1.2038,0.4802
2,1.9866,0.7828
3,2.8809,0.8943
4,3.7027,0.8218
5,4.5886,0.8859
6,5.3247,0.7360
7,5.8637,0.5390
8,6.5123,0.6486
9,7.5016,0.9893
10,8.6191,1.1176
11,8.9666,0.3475
12,10.0295,1.0629
13,10.7489,0.7194
14,11.0985,0.3496
15,12.0639,0.9654
16,13.1886,1.1247
17,14.0981,0.9095
18,15.0461,0.9479
19,15.8454,0.7993
20,16.2191,0.3737
21,16.6596,0.4405
22,17.5944,0.9348
23,18.7657,1.1713
24,19.6891,0.9235
25,20.5969,0.9078
26,21.0357,0.4388
27,21.3666,0.3309
28,22.1373,0.7707
29,22.4748,0.3375
0,0.4844,0.4844
1,0.9567,0.4723
2,1.9182,0.9615
3,2.3626,0.4443
4,3.4019,1.0394
5,4.3169,0.9150
6,4.9231,0.6062
7,5.6085,0.6854
8,6.1012,0.4928
9,6.4823,0.3810
10,7.1710,0.6887
11,8.1728,1.0019
12,8.9540,0.7812
13,20.4481,11.4941
14,21.0102,0.5621
15,21.5916,0.5814
16,22.0275,0.4359
17,23.1921,1.1645
18,24.2339,1.0419
19,25.4312,1.1973
20,25.7670,0.3357
21,26.7154,0.9484
22,27.6646,0.9492
23,28.3249,0.6603
24,29.1458,0.8209
25,29.9969,0.8511
26,30.5880,0.5911
27,31.1561,0.5681
28,31.8291,0.6730
29,32.9513,1.1222
0,0.5221,0.5221
1,1.1220,0.5999
2,2.2332,1.1112
3,2.5871,0.3539
4,3.1013,0.5142
5,3.9925,0.8912
6,4.7451,0.7527
7,5.3939,0.6488
8,6.2606,0.8667
9,7.1767,0.9161
10,7.6870,0.5104
11,8.8644,1.1774
12,9.7434,0.8790
13,10.3511,0.6077
14,11.0753,0.7241
15,11.3982,0.3229
16,12.1969,0.7988
17,12.7297,0.5328
18,13.1878,0.4581
19,13.7864,0.5987
20,14.0968,0.3104
21,14.5229,0.4261
22,15.0931,0.5703
23,15.7609,0.6677
24,16.3329,0.5720
25,17.2602,0.9273
26,18.2643,1.0041
27,18.8057,0.5415
28,19.6833,0.8776
29,20.0248,0.3415
0,0.6173,0.6173
1,0.9735,0.3561
2,1.8883,0.9148
3,2.3066,0.4183
4,3.4036,1.0970
5,4.1510,0.7475
6,5.2029,1.0519
7,22.0817,16.8787
8,22.6032,0.5215
9,23.4733,0.8701
10,24.3943,0.9210
11,25.5940,1.1997
12,26.0304,0.4364
13,26.7783,0.7479
14,27.5562,0.7778
15,28.6741,1.1179
16,29.1453,0.4712
17,29.7051,0.5598
18,30.5827,0.8776
19,31.5789,0.9962
20,32.7426,1.1637
21,33.0713,0.3286
22,34.0388,0.9675
23,34.8621,0.8233
24,35.4181,0.5561
25,36.3966,0.9785
26,36.8193,0.4227
27,37.2750,0.4557
28,37.7076,0.4325
29,38.6341,0.9265
0,0.7554,0.7554
1,1.4595,0.7041
2,2.6556,1.1961
3,3.7856,1.1300
4,4.9231,1.1375
5,5.5602,0.6371
6,6.2422,0.6820
7,6.7620,0.5198
8,7.7517,0.9897
9,8.3781,0.6264
10,8.8026,0.4245
11,9.4528,0.6502
12,10.5433,1.0906
13,10.8929,0.3496
14,11.9047,1.0118
15,12.3322,0.4276
16,12.8029,0.4707
17,13.8844,1.0815
18,14.6847,0.8004
19,15.6383,0.9536
20,16.2482,0.6099
21,16.9383,0.6901
22,17.2987,0.3604
23,18.1742,0.8755
24,18.7974,0.6232
25,19.4155,0.6181
26,19.7377,0.3222
27,20.2154,0.4777
28,21.3058,1.0904
29,21.8000,0.4942
0,0.7656,0.7656
1,1.3495,0.5839
2,2.3007,0.9512
3,2.7100,0.4094
4,3.1686,0.4585
5,3.8249,0.6564
6,4.1900,0.3651
7,4.4946,0.3046
8,4.8944,0.3998
9,6.0775,1.1831
10,6.7636,0.6861
11,7.5835,0.8199
12,28.1356,20.5521
13,28.5994,0.4638
14,29.7109,1.1116
15,30.2043,0.4934
16,30.7792,0.5749
17,31.3607,0.5815
18,32.2174,0.8567
19,32.8207,0.6033
20,33.5277,0.7070
21,34.6349,1.1072
22,35.6000,0.9650
23,36.5182,0.9182
24,36.9338,0.4156
25,37.7763,0.8425
26,38.5725,0.7963
27,39.4453,0.8728
28,40.0349,0.5896
29,40.6364,0.6015
0,1.0017,1.0017
1,2.0634,1.0618
2,3.1800,1.1165
3,3.9686,0.7887
4,4.3188,0.3501
5,5.2813,0.9625
6,6.0913,0.8100
7,7.1054,1.0141
8,7.6022,0.4968
9,8.4708,0.8686
10,9.1974,0.7266
11,10.1240,0.9266
12,11.2656,1.1416
13,12.1864,0.9208
14,12.9818,0.7954
15,13.4392,0.4573
16,13.8944,0.4552
17,14.6869,0.7924
18,15.7469,1.0600
19,16.2094,0.4626
20,16.7969,0.5875
21,17.4249,0.6280
22,18.1121,0.6872
23,19.2204,1.1083
24,20.3545,1.1342
25,21.3174,0.9629
26,21.7899,0.4724
27,22.1580,0.3681
28,22.5907,0.4328
29,23.0654,0.4747
0,0.8070,0.8070
1,1.7305,0.9234
2,2.6293,0.8989
3,2.9392,0.3099
4,3.6986,0.7594
5,4.3029,0.6043
6,5.4158,1.1129
7,6.3786,0.9627
8,7.0869,0.7083
9,21.3285,14.2416
10,22.4159,1.0874
11,23.5390,1.1232
12,24.1278,0.5887
13,24.8963,0.7685
14,25.5481,0.6518
15,26.1679,0.6197
16,26.5770,0.4092
17,27.6981,1.1210
18,28.7600,1.0619
19,29.3350,0.5750
20,30.3271,0.9921
21,31.2624,0.9353
22,31.8893,0.6269
23,33.0316,1.1422
24,34.1063,1.0747
25,34.5891,0.4829
26,35.2679,0.6788
27,36.0574,0.7895
28,36.5665,0.5091
29,37.2443,0.6778
0,1.0802,1.0802
1,1.8891,0.8090
2,2.3619,0.4728
3,2.9109,0.5489
4,3.8586,0.9477
5,4.4234,0.5649
6,5.2853,0.8619
7,6.1384,0.8531
8,6.5779,0.4395
9,7.5832,1.0053
10,8.5925,1.0093
11,8.9233,0.3308
12,9.9225,0.9993
13,10.2315,0.3089
14,11.0280,0.7965
15,12.1547,1.1267
16,12.5453,0.3906
17,13.3431,0.7978
18,14.2880,0.9448
19,14.6819,0.3939
20,15.4809,0.7990
21,16.5885,1.1076
22,17.6470,1.0585
23,18.2961,0.6491
24,18.9699,0.6738
25,19.8424,0.8725
26,20.6261,0.7837
27,21.5428,0.9168
28,21.9132,0.3704
29,22.5419,0.6287
0,0.7376,0.7376
1,1.6626,0.9251
2,2.7203,1.0577
3,3.6553,0.9349
4,4.4106,0.7554
5,5.1095,0.6989
6,6.2217,1.1122
7,6.6378,0.4161
8,7.0336,0.3958
9,7.9837,0.9501
10,8.9099,0.9262
11,9.3341,0.4242
12,9.7514,0.4173
13,10.2975,0.5461
14,10.7994,0.5019
15,11.9349,1.1355
16,12.4742,0.5392
17,13.1000,0.6258
18,14.0760,0.9760
19,15.2340,1.1580
20,16.0458,0.8119
21,16.4675,0.4217
0,0.9246,0.9246
1,1.6761,0.7515
2,2.3339,0.6578
3,2.9336,0.5997
4,3.7633,0.8297
5,4.1382,0.3749
6,5.1807,1.0425
7,6.1338,0.9531
8,7.1895,1.0557
9,8.0334,0.8439
10,8.4748,0.4414
11,8.9013,0.4265
12,10.0023,1.1010
13,10.3887,0.3864
14,11.3922,1.0036
15,12.2293,0.8371
16,12.6092,0.3799
17,13.1946,0.5854
18,13.6292,0.4346
19,14.5501,0.9209
20,15.6355,1.0854
21,16.1598,0.5243
22,17.0498,0.8900
23,17.8441,0.7943
24,18.4366,0.5925
25,19.5178,1.0812
26,19.8490,0.3312
27,20.5327,0.6837
28,21.6429,1.1102
29,22.3016,0.6587
0,0.9165,0.9165
1,1.2474,0.3309
2,1.9863,0.7389
3,2.8204,0.8340
4,3.9754,1.1550
5,4.8812,0.9059
6,5.7299,0.8486
7,6.9109,1.1811
8,7.4563,0.5454
9,8.5663,1.1100
10,9.6686,1.1022
11,10.5918,0.9233
12,11.3478,0.7559
13,11.9256,0.5778
14,13.0837,1.1581
15,13.6048,0.5211
16,14.5566,0.9518
17,31.5920,17.0354
18,31.9462,0.3542
19,32.5085,0.5623
20,32.8419,0.3334
21,33.9488,1.1069
22,34.2929,0.3441
23,35.2105,0.9176
24,36.3220,1.1116
25,37.0660,0.7440
26,37.4629,0.3969
27,38.5981,1.1352
28,39.7472,1.1491
29,40.2097,0.4625
0,0.9710,0.9710
1,2.1343,1.1633
2,2.8792,0.7449
3,3.9159,1.0367
4,4.4483,0.5325
5,5.2738,0.8254
6,5.7602,0.4865
7,6.7552,0.9949
8,7.7090,0.9538
9,8.5757,0.8666
10,9.2510,0.6753
11,9.9338,0.6828
12,10.3867,0.4529
13,11.1407,0.7540
14,12.0157,0.8750
15,29.1603,17.1446
16,29.5242,0.3639
17,30.5295,1.0053
18,31.5728,1.0433
19,32.5828,1.0100
20,32.8963,0.3135
21,33.8826,0.9863
22,34.7258,0.8433
23,35.3175,0.5916
24,36.5156,1.1982
25,36.8245,0.3089
26,37.8743,1.0498
27,38.4755,0.6012
28,39.6447,1.1693
29,40.7646,1.1199
0,0.9777,0.9777
1,1.6900,0.7123
2,2.1796,0.4896
3,3.2184,1.0389
4,3.6227,0.4042
5,4.5710,0.9483
6,5.3358,0.7648
7,6.4239,1.0881
8,6.8402,0.4163
9,7.3987,0.5585
10,7.7312,0.3324
11,8.8064,1.0753
12,9.8487,1.0422
13,11.0282,1.1795
14,12.0992,1.0710
15,12.6578,0.5585
16,13.8490,1.1912
17,14.9971,1.1481
18,16.0937,1.0966
19,16.7596,0.6659
20,17.6674,0.9078
21,18.7471,1.0797
22,19.4222,0.6751
23,20.4098,0.9877
24,20.9097,0.4999
25,21.9910,1.0813
26,22.4692,0.4782
27,22.8590,0.3898
28,23.2412,0.3822
29,24.4017,1.1605
0,0.8552,0.8552
1,1.9826,1.1274
2,2.4738,0.4911
3,3.5285,1.0547
4,4.2464,0.7180
5,4.8095,0.5631
6,5.9776,1.1681
7,6.7797,0.8022
8,7.6935,0.9137
9,8.6694,0.9759
10,9.0818,0.4124
11,9.9403,0.8585
12,27.7563,17.8159
13,28.2730,0.5168
14,29.0552,0.7822
15,29.8125,0.7573
16,30.8327,1.0202
17,31.4412,0.6085
18,32.0004,0.5592
19,33.0030,1.0025
20,33.3691,0.3661
21,33.9388,0.5697
22,34.3256,0.3869
23,34.9870,0.6614
24,35.8674,0.8804
25,37.0075,1.1401
26,37.6553,0.6478
27,38.1025,0.4472
28,39.1214,1.0189
29,39.8289,0.7075
0,1.1656,1.1656
1,1.4934,0.3278
2,2.6887,1.1953
3,3.3189,0.6301
4,3.7057,0.3868
5,4.1194,0.4137
6,4.4765,0.3571
7,4.8405,0.3641
8,5.2669,0.4264
9,6.0851,0.8182
10,7.0216,0.9365
11,8.0889,1.0673
12,8.8866,0.7976
13,9.1952,0.3086
14,9.9801,0.7850
15,10.6638,0.6837
16,11.5401,0.8763
17,12.6387,1.0986
18,32.9978,20.3591
19,33.6414,0.6436
20,34.4439,0.8024
21,34.9662,0.5223
22,35.9664,1.0003
23,37.1172,1.1508
24,37.7940,0.6768
25,38.9718,1.1778
26,39.4374,0.4655
27,40.5919,1.1545
28,41.4159,0.8240
29,41.9536,0.5377
0,0.6873,0.6873
1,1.1210,0.4337
2,2.0748,0.9538
3,2.4061,0.3313
4,3.0961,0.6900
5,3.4472,0.3511
6,4.1197,0.6725
7,5.1391,1.0194
8,5.8819,0.7428
9,6.7501,0.8682
10,7.5652,0.8151
11,8.4052,0.8400
12,9.3753,0.9701
13,9.8137,0.4385
14,10.3844,0.5707
15,10.8097,0.4252
16,11.6127,0.8030
17,12.6058,0.9931
18,13.1782,0.5724
19,14.1523,0.9741
20,15.0947,0.9424
21,15.6827,0.5880
22,16.7036,1.0209
23,17.3960,0.6924
24,18.5959,1.1999
25,19.0556,0.4597
26,19.7057,0.6501
27,20.1299,0.4242
28,20.9230,0.7932
29,21.9507,1.0276
0,0.4369,0.4369
1,1.5351,1.0982
2,1.9435,0.4084
3,2.2759,0.3324
4,2.9452,0.6693
5,3.4422,0.4970
6,3.9590,0.5168
7,4.8976,0.9386
8,5.2398,0.3423
9,5.9938,0.7540
10,6.7769,0.7831
11,7.3744,0.5975
12,7.9177,0.5433
13,9.0068,1.0892
14,9.4942,0.4873
15,10.2170,0.7228
16,11.1315,0.9145
17,12.2644,1.1328
18,12.8195,0.5552
19,13.6767,0.8572
20,13.9932,0.3165
21,14.4586,0.4654
22,15.0027,0.5440
23,15.4838,0.4811
24,16.2601,0.7763
25,17.2793,1.0192
26,18.2650,0.9857
27,19.3574,1.0923
28,20.5548,1.1975
29,21.0477,0.4929
0,0.7306,0.7306
1,1.9196,1.1889
2,2.3418,0.4223
3,3.1577,0.8158
4,4.3125,1.1549
5,5.0676,0.7551
6,5.5434,0.4758
7,5.9879,0.4445
8,6.7098,0.7220
9,7.5862,0.8763
10,8.7099,1.1237
11,9.1016,0.3917
12,9.6972,0.5956
13,10.8286,1.1315
14,11.5795,0.7509
15,12.6015,1.0220
16,13.3856,0.7841
17,13.9948,0.6092
18,15.0963,1.1015
19,16.0730,0.9768
20,16.7936,0.7206
21,17.9552,1.1616
22,18.8853,0.9300
23,19.4072,0.5220
24,19.7854,0.3782
25,20.6428,0.8574
26,21.0049,0.3621
27,21.5547,0.5497
28,21.8678,0.3132
29,22.3729,0.5051
0,0.6830,0.6830
1,1.3949,0.7119
2,2.1404,0.7455
3,2.8109,0.6705
4,3.9587,1.1478
5,4.3229,0.3642
6,24.3129,19.9900
7,24.9264,0.6135
8,25.9132,0.9868
9,26.6970,0.7838
10,27.1853,0.4883
11,28.2713,1.0860
12,29.3295,1.0582
13,30.4006,1.0711
14,31.5304,1.1298
15,32.0806,0.5502
16,32.8707,0.7901
17,33.3947,0.5240
18,33.9646,0.5699
19,35.0055,1.0408
20,35.3835,0.3780
21,35.7627,0.3792
22,36.4983,0.7356
23,37.6628,1.1644
24,38.4187,0.7559
25,39.2680,0.8493
26,40.1557,0.8877
27,40.8554,0.6997
28,41.7376,0.8822
29,42.2411,0.5035
0,0.8420,0.8420
1,1.2534,0.4114
2,2.2768,1.0235
3,2.7755,0.4987
4,3.2644,0.4889
5,3.7679,0.5035
6,4.6446,0.8767
7,5.7189,1.0743
8,6.0786,0.3597
9,6.7618,0.6832
10,7.6627,0.9009
11,8.7430,1.0802
12,9.6870,0.9440
13,10.3832,0.6963
14,11.2198,0.8366
15,11.5321,0.3123
16,11.9527,0.4206
17,12.8324,0.8797
18,13.7323,0.9000
19,14.6231,0.8908
20,15.0690,0.4459
21,16.0735,1.0045
22,1.5000,-14.5735
23,1.6800,0.1800
24,1.8900,0.2100
25,1.8900,0.0000
26,2.1000,0.2100
27,2.3000,0.2000
28,2.4800,0.1800
29,2.6000,0.1200
0,1.5000,1.5000
1,1.6800,0.1800
2,1.8900,0.2100
3,1.8900,0.0000
4,2.1000,0.2100
5,2.3000,0.2000
6,2.4800,0.1800
7,2.6000,0.1200
8,3.0895,0.4895
9,4.0661,0.9766
10,5.0454,0.9793
11,6.1998,1.1545
12,7.0355,0.8357
13,7.5555,0.5199
14,8.6563,1.1008
15,9.7296,1.0734
16,10.3525,0.6229
17,10.7198,0.3673
18,11.9111,1.1913
19,12.7675,0.8563
20,13.9533,1.1858
21,14.9868,1.0335
22,15.5118,0.5250
23,15.9588,0.4470
24,16.3723,0.4135
25,17.3441,0.9718
26,17.9542,0.6102
27,18.8204,0.8662
28,19.7464,0.9260
29,20.1415,0.3950
0,1.5000,1.5000
1,1.6800,0.1800
2,1.8900,0.2100
3,1.8900,0.0000
4,2.1000,0.2100
5,2.3000,0.2000
6,2.4800,0.1800
7,2.6000,0.1200
8,2.9654,0.3654
9,3.6536,0.6882
10,4.8427,1.1891
11,5.9020,1.0592
12,7.0957,1.1937
13,8.2589,1.1632
14,9.0434,0.7844
15,10.0632,1.0199
16,10.7074,0.6442
17,11.2206,0.5132
18,12.0001,0.7796
19,12.7266,0.7265
20,13.8056,1.0790
21,14.6033,0.7977
22,14.9242,0.3209
23,15.6033,0.6791
24,15.9836,0.3803
25,16.6305,0.6469
26,17.3064,0.6759
27,18.3709,1.0645
28,18.7987,0.4279
29,19.4444,0.6456
0,1.5000,1.5000
1,1.6800,0.1800
2,1.8900,0.2100
3,2.6653,0.7753
4,3.3527,0.6874
5,3.8011,0.4483
6,4.8520,1.0509
7,5.4546,0.6026
8,6.0042,0.5496
9,6.8582,0.8540
10,7.4427,0.5845
11,7.9972,0.5544
12,8.3533,0.3561
13,9.1668,0.8134
14,10.1294,0.9626
15,11.0284,0.8990
16,12.0056,0.9771
17,12.8654,0.8599
18,13.7860,0.9206
19,14.1663,0.3803
20,14.7655,0.5991
21,15.5479,0.7824
22,16.0153,0.4674
23,17.0327,1.0174
24,17.7322,0.6995
25,18.4819,0.7496
26,18.8922,0.4103
27,19.8105,0.9184
28,20.6605,0.8499
29,21.3359,0.6754
0,0.5187,0.5187
1,1.4401,0.9214
2,2.1707,0.7306
3,2.1707,0.0000
4,2.1000,-0.0707
5,2.3000,0.2000
6,2.4800,0.1800
7,2.6000,0.1200
8,3.3673,0.7673
9,3.7982,0.4309
10,4.3775,0.5793
11,4.9692,0.5918
12,5.7646,0.7954
13,6.7029,0.9383
14,7.7864,1.0834
15,8.7421,0.9558
16,9.5378,0.7956
17,9.9191,0.3814
18,10.2901,0.3710
19,11.3563,1.0662
20,12.3219,0.9656
21,13.0166,0.6946
22,14.0062,0.9897
23,14.4276,0.4214
24,15.3127,0.8851
25,16.4562,1.1434
26,17.0508,0.5946
27,18.0197,0.9690
28,19.0474,1.0277
29,19.7072,0.6598
0,1.1870,1.1870
1,1.7080,0.5210
2,2.4027,0.6947
3,3.1530,0.7503
4,4.2489,1.0959
5,4.9711,0.7222
6,5.5383,0.5672
7,22.3625,16.8242
8,23.4160,1.0535
9,23.8974,0.4813
10,24.5850,0.6876
11,25.0435,0.4585
12,25.4989,0.4555
13,26.0187,0.5197
14,26.5079,0.4892
15,27.5207,1.0128
16,28.6852,1.1645
17,29.1444,0.4592
18,29.9842,0.8398
19,30.9019,0.9178
20,31.8152,0.9132
21,32.1644,0.3492
22,32.9672,0.8029
23,34.0629,1.0956
24,34.9907,0.9278
25,35.4598,0.4692
26,36.1854,0.7256
27,36.7115,0.5261
28,37.5026,0.7911
29,38.5698,1.0672
0,0.7069,0.7069
1,1.6054,0.8985
2,2.6377,1.0323
3,3.0759,0.4382
4,4.0463,0.9705
5,4.7825,0.7362
6,5.5572,0.7747
7,22.5934,17.0362
8,23.7278,1.1345
9,44.2554,20.5276
10,44.5685,0.3131
11,45.5938,1.0253
12,56.7342,11.1404
13,57.7081,0.9739
14,58.0206,0.3125
15,58.3946,0.3740
16,59.0921,0.6975
17,59.8031,0.7110
18,60.1166,0.3135
19,61.1269,1.0104
20,61.5740,0.4471
21,62.2324,0.6584
22,62.9256,0.6932
23,63.6384,0.7128
24,64.6888,1.0504
25,65.6802,0.9914
26,66.0119,0.3317
27,66.5966,0.5847
28,67.6299,1.0333
29,68.7928,1.1628
0,1.0,1.0
1,1.8,0.8
2,2.5,0.7
3,3.0,0.5
4,3.8054277094753295,0.8054277094753295
5,3.8054277094753295,0.0
6,4.5,0.6945722905246705
7,4.9,0.40000000000000036
8,5.746744110125868,0.8467441101258677
9,6.2304351538816745,0.4836910437558064
10,6.612832624381077,0.3823974704994022
11,7.495465357859511,0.8826327334784345
12,8.552919709372052,1.0574543515125407
13,9.57991364081046,1.0269939314384082
14,10.351019471744998,0.7711058309345376
15,11.0816334850015,0.7306140132565027
16,12.035076085572838,0.9534426005713375
17,13.120692731548948,1.0856166459761099
18,13.519182436158863,0.39848970460991495
19,14.520291953741971,1.0011095175831084
20,15.58666586861185,1.0663739148698799
21,16.375856636811946,0.7891907682000951
22,17.132354942822033,0.7564983060100872
23,17.649695942463016,0.5173409996409823
24,18.655593704408826,1.0058977619458105
25,18.96785485749827,0.3122611530894446
26,19.746405145468522,0.7785502879702513
27,20.63953804551865,0.8931329000501265
28,21.582255691267292,0.9427176457486439
29,22.094069413987995,0.5118137227207029
0,0.8984151703008241,0.8984151703008241
1,1.9084936532577395,1.0100784829569154
2,2.2587883362262353,0.35029468296849586
3,3.0198973166286143,0.761108980402379
4,3.5089557723161304,0.48905845568751616
5,3.826512243555351,0.3175564712392207
6,4.443596073540099,0.6170838299847476
7,5.312886560634011,0.8692904870939122
8,6.498510499672904,1.1856239390388934
9,7.562821694016109,1.0643111943432046
10,8.636047382206772,1.0732256881906634
11,9.413249345256393,0.7772019630496203
12,10.588363389760705,1.175114044504312
13,10.973765130160064,0.3854017403993595
14,12.030638007239165,1.0568728770791012
15,13.048051190126252,1.0174131828870863
16,13.397101106085872,0.3490499159596201
17,14.270543811638184,0.8734427055523124
18,14.67444559372702,0.40390178208883576
19,15.110012707907234,0.43556711418021443
0,1.5000,1.5000
1,1.6800,0.1800
2,1.8900,0.2100
3,1.8900,0.0000
4,2.1000,0.2100
5,2.3000,0.2000
6,2.4800,0.1800
7,2.6000,0.1200
8,3.7345,1.1345
9,4.9223,1.1878
10,5.3265,0.4042
11,5.7055,0.3790
12,6.7972,1.0917
13,7.4344,0.6372
14,8.3461,0.9118
15,8.9736,0.6274
16,9.3406,0.3670
17,10.3161,0.9756
18,11.1759,0.8597
19,11.7440,0.5682
20,12.1419,0.3979
21,12.4806,0.3387
22,12.9111,0.4305
23,13.8724,0.9613
24,14.2193,0.3469
25,15.2378,1.0185
26,16.0840,0.8462
27,16.9782,0.8942
28,17.3612,0.3831
29,18.5204,1.1592
0,0.6767,0.6767
1,1.6665,0.9898
2,2.7550,1.0885
3,3.6486,0.8936
4,4.2727,0.6241
5,4.9112,0.6385
6,5.2414,0.3301
7,5.9978,0.7565
8,6.9942,0.9963
9,7.3166,0.3225
10,8.2136,0.8970
11,9.1722,0.9586
12,10.1078,0.9356
13,11.2889,1.1810
14,11.7580,0.4692
15,12.1332,0.3751
16,13.1302,0.9970
17,13.5241,0.3939
18,14.5542,1.0301
19,15.4000,0.8459
20,16.1252,0.7252
21,16.6223,0.4971
22,17.2533,0.6310
23,18.2021,0.9488
24,18.7851,0.5830
25,19.9404,1.1552
26,20.4377,0.4973
27,21.6238,1.1861
28,22.5789,0.9551
29,23.7014,1.1225
0,0.3889,0.3889
1,1.3702,0.9813
2,2.1826,0.8124
3,2.8212,0.6387
4,3.7299,0.9087
5,4.2595,0.5296
6,5.0851,0.8256
7,5.9437,0.8586
8,6.6070,0.6633
9,7.6761,1.0690
10,8.1726,0.4966
11,9.2207,1.0480
12,9.8910,0.6703
13,10.4561,0.5651
14,10.8257,0.3696
15,11.2755,0.4498
16,12.0762,0.8007
17,13.2042,1.1280
18,13.7923,0.5881
19,14.5022,0.7099
20,15.4078,0.9056
21,16.4050,0.9972
22,16.7232,0.3182
23,17.4382,0.7150
24,18.3822,0.9440
25,18.7472,0.3650
26,19.6444,0.8973
27,20.7772,1.1328
28,21.4626,0.6854
29,22.6363,1.1737
0,0.6400,0.6400
1,1.7603,1.1203
2,2.3328,0.5725
3,3.1470,0.8142
4,3.8147,0.6676
5,4.4417,0.6270
6,4.8494,0.4078
7,5.2810,0.4316
8,6.1746,0.8935
9,6.9029,0.7283
10,7.6782,0.7753
11,8.2762,0.5980
12,8.6531,0.3769
13,9.7583,1.1051
14,10.7295,0.9713
15,11.8193,1.0897
16,12.4403,0.6210
17,13.1567,0.7164
18,13.7188,0.5621
19,14.5714,0.8527
20,15.5671,0.9956
21,16.5549,0.9878
22,17.1200,0.5651
23,17.9862,0.8663
24,18.8566,0.8703
25,19.7835,0.9269
26,20.1314,0.3479
27,20.9590,0.8277
28,21.3610,0.4020
29,21.9853,0.6242
0,0.4910,0.4910
1,0.8392,0.3483
2,1.9026,1.0633
3,2.5738,0.6712
4,3.2232,0.6494
5,15.1892,11.9660
6,15.6977,0.5084
7,16.7091,1.0115
8,17.6870,0.9779
9,18.4355,0.7484
10,19.4456,1.0101
11,20.6392,1.1936
12,21.3241,0.6849
13,21.8570,0.5329
14,22.3127,0.4557
15,22.9080,0.5953
16,23.5620,0.6540
17,24.2969,0.7350
18,25.3058,1.0089
19,26.4916,1.1858
20,27.4401,0.9485
21,28.5300,1.0899
22,29.4022,0.8722
23,30.0466,0.6445
24,31.2187,1.1721
25,31.7367,0.5180
26,32.9056,1.1689
27,33.2374,0.3318
28,33.8508,0.6133
29,34.4316,0.5808
0,1.1840,1.1840
1,2.3419,1.1580
2,3.1435,0.8015
3,3.7604,0.6169
4,4.6140,0.8536
5,5.7540,1.1400
6,6.2402,0.4862
7,7.1828,0.9426
8,7.5887,0.4059
9,8.6619,1.0732
10,9.7792,1.1173
11,10.1567,0.3775
12,11.3005,1.1438
13,12.1146,0.8141
14,13.0963,0.9817
15,13.6482,0.5519
16,14.7432,1.0950
17,15.4124,0.6692
18,15.7626,0.3502
19,16.1195,0.3569
20,17.1190,0.9995
21,17.8946,0.7756
22,19.0062,1.1116
23,19.3781,0.3719
24,20.0210,0.6430
25,20.8395,0.8185
26,21.6026,0.7630
27,22.7226,1.1201
28,23.0799,0.3573
29,24.1811,1.1012
0,1.5000,1.5000
1,1.6800,0.1800
2,1.8900,0.2100
3,1.8900,0.0000
4,2.1000,0.2100
5,2.3000,0.2000
6,2.4800,0.1800
7,2.6000,0.1200
8,3.4400,0.8400
9,4.1793,0.7393
10,5.1441,0.9647
11,5.8024,0.6583
12,6.2291,0.4267
13,6.9669,0.7377
14,7.5008,0.5339
15,7.9526,0.4518
16,8.7868,0.8342
17,9.3647,0.5778
18,10.2350,0.8704
19,10.7548,0.5197
20,11.8627,1.1079
21,12.2648,0.4022
22,13.3135,1.0487
23,14.4409,1.1274
24,15.2401,0.7992
25,15.8989,0.6588
26,16.7504,0.8515
27,17.7749,1.0245
28,18.9608,1.1859
29,19.5490,0.5882
0,1.5000,1.5000
1,1.6800,0.1800
2,1.8900,0.2100
3,1.8900,0.0000
4,2.1000,0.2100
5,2.3000,0.2000
6,2.4800,0.1800
7,2.6000,0.1200
8,3.3924,0.7924
9,4.2005,0.8080
10,5.0032,0.8028
11,5.5743,0.5711
12,6.1532,0.5789
13,7.1081,0.9549
14,7.7800,0.6719
15,8.3417,0.5617
16,9.4608,1.1191
17,10.4190,0.9582
18,11.5645,1.1455
19,12.3075,0.7429
20,12.9204,0.6130
21,13.3867,0.4663
22,14.4585,1.0718
23,15.5946,1.1361
24,16.5400,0.9454
25,17.5260,0.9860
26,18.4442,0.9183
27,18.8855,0.4412
28,19.5649,0.6794
29,20.2552,0.6904
0,1.5000,1.5000
1,1.6800,0.1800
2,1.8900,0.2100
3,1.8900,0.0000
4,2.1000,0.2100
5,2.3000,0.2000
6,2.4800,0.1800
7,2.6000,0.1200
8,3.2273,0.6273
9,4.3250,1.0976
10,4.6837,0.3587
11,5.4088,0.7251
12,6.4707,1.0619
13,7.6448,1.1740
14,8.2697,0.6249
15,8.6239,0.3543
16,9.0339,0.4100
17,9.4958,0.4619
18,9.9963,0.5005
19,10.7903,0.7940
20,11.2294,0.4391
21,12.1493,0.9200
22,13.2363,1.0869
23,13.8285,0.5922
24,14.6271,0.7986
25,15.4174,0.7903
26,16.3565,0.9391
27,16.8412,0.4847
28,17.8396,0.9984
29,18.6663,0.8267
0,1.5000,1.5000
1,1.6800,0.1800
2,1.8900,0.2100
3,1.8900,0.0000
4,2.1000,0.2100
5,2.3000,0.2000
6,2.4800,0.1800
7,2.6000,0.1200
8,3.7280,1.1280
9,4.8750,1.1469
10,5.2051,0.3301
11,5.7488,0.5437
12,6.9105,1.1617
13,7.3002,0.3897
14,7.8057,0.5055
15,8.9221,1.1164
16,9.7971,0.8750
17,10.6087,0.8116
18,11.3769,0.7682
19,12.2062,0.8293
20,12.5349,0.3287
21,13.2468,0.7119
22,14.0073,0.7605
23,15.0302,1.0229
24,16.0117,0.9816
25,17.2037,1.1919
26,18.1028,0.8992
27,19.0598,0.9570
28,19.8683,0.8085
29,20.8588,0.9905
0,1.5000,1.5000
1,1.6800,0.1800
2,1.8900,0.2100
3,1.8900,0.0000
4,2.1000,0.2100
5,2.3000,0.2000
6,2.4800,0.1800
7,2.6000,0.1200
8,3.1948,0.5948
9,4.3207,1.1259
10,5.0655,0.7448
11,6.1082,1.0427
12,6.6800,0.5718
13,7.4673,0.7873
14,8.4448,0.9775
15,8.9691,0.5243
16,9.8245,0.8553
17,10.5599,0.7355
18,11.6745,1.1145
19,12.6319,0.9574
20,13.8311,1.1992
21,14.7082,0.8771
22,15.7933,1.0852
23,16.2564,0.4631
24,16.6605,0.4042
25,17.3243,0.6637
26,18.5008,1.1765
27,18.8911,0.3902
28,19.6502,0.7591
29,20.0308,0.3807
0,0.5715,0.5715
1,1.1264,0.5549
2,2.0836,0.9572
3,2.5322,0.4486
4,2.9096,0.3774
5,3.3233,0.4137
6,3.8293,0.5060
7,4.8814,1.0521
8,5.4746,0.5932
9,6.5828,1.1082
10,6.8982,0.3154
11,7.9078,1.0096
12,9.0931,1.1853
13,10.2364,1.1432
14,10.7847,0.5483
15,11.2536,0.4689
16,12.2595,1.0059
17,12.9725,0.7130
18,14.0248,1.0523
19,15.1527,1.1280
20,15.6849,0.5322
21,16.0419,0.3570
22,17.0871,1.0453
23,17.6695,0.5824
24,18.5007,0.8312
25,18.9583,0.4576
26,19.6891,0.7308
27,20.4667,0.7776
28,21.6469,1.1801
29,22.6483,1.0014
0,0.9029,0.9029
1,1.3545,0.4517
2,2.3194,0.9649
3,3.4108,1.0914
4,3.8388,0.4280
5,4.9180,1.0792
6,5.3148,0.3968
7,5.7958,0.4810
8,6.7602,0.9644
9,7.3899,0.6297
10,8.0812,0.6913
11,8.8333,0.7521
12,9.7662,0.9328
13,10.1264,0.3602
14,10.4884,0.3621
15,11.2022,0.7138
16,11.6407,0.4385
17,12.3781,0.7373
18,13.2901,0.9121
19,14.4214,1.1313
20,15.6047,1.1833
21,16.4085,0.8038
22,17.3239,0.9154
23,18.5178,1.1939
24,18.8841,0.3662
25,19.6926,0.8086
26,20.0123,0.3197
27,21.0440,1.0317
28,21.8818,0.8379
29,22.3773,0.4955
0,0.4738,0.4738
1,1.0426,0.5688
2,1.7090,0.6665
3,2.3669,0.6579
4,3.3848,1.0179
5,4.1151,0.7303
6,4.4950,0.3800
7,4.8120,0.3170
8,5.5447,0.7327
9,6.2426,0.6979
10,7.1410,0.8984
11,7.5497,0.4087
12,8.1831,0.6334
13,8.8881,0.7050
14,9.8577,0.9695
15,10.5971,0.7395
16,11.6457,1.0485
17,31.5472,19.9016
18,32.2081,0.6609
19,33.0048,0.7966
20,33.7862,0.7814
21,34.3170,0.5308
22,35.4731,1.1561
23,36.5388,1.0656
24,36.9004,0.3617
25,37.3552,0.4548
26,38.5136,1.1584
27,38.8246,0.3110
28,40.0153,1.1906
29,40.3802,0.3649
0,0.9255,0.9255
1,1.9950,1.0696
2,3.0755,1.0804
3,4.0927,1.0173
4,4.8007,0.7079
5,5.4390,0.6383
6,6.2084,0.7695
7,6.7258,0.5174
8,7.2863,0.5605
9,7.8613,0.5750
10,8.7002,0.8388
11,9.3139,0.6137
12,10.1682,0.8543
13,10.5062,0.3380
14,11.0519,0.5457
15,11.9908,0.9388
16,12.8076,0.8169
17,13.5343,0.7266
18,13.9781,0.4438
19,14.5924,0.6143
20,15.4580,0.8656
21,16.5734,1.1155
22,17.0370,0.4636
23,17.6498,0.6128
24,17.9817,0.3319
25,18.7994,0.8177
26,19.5790,0.7796
27,20.3619,0.7829
28,21.2045,0.8425
29,21.9059,0.7014
0,0.4830,0.4830
1,1.3278,0.8448
2,2.4802,1.1523
3,3.0527,0.5726
4,4.2422,1.1894
5,4.9240,0.6818
6,5.2242,0.3002
7,6.2069,0.9827
8,6.7403,0.5334
9,7.6089,0.8686
10,8.3187,0.7098
11,8.9104,0.5917
12,9.9993,1.0890
13,10.5658,0.5665
14,11.0597,0.4939
15,12.0817,1.0221
0,0.7272,0.7272
1,1.5502,0.8231
2,2.1163,0.5660
3,2.6054,0.4891
4,2.9393,0.3339
5,3.7683,0.8290
6,4.2320,0.4636
7,5.2678,1.0359
8,5.7277,0.4599
9,6.4775,0.7497
10,7.2700,0.7925
11,8.3551,1.0851
12,8.8788,0.5237
13,9.5498,0.6710
14,10.4128,0.8629
15,11.2458,0.8330
16,12.2593,1.0135
17,12.5825,0.3231
18,13.7144,1.1320
19,14.4881,0.7737
20,15.0025,0.5144
21,15.9703,0.9678
22,17.0262,1.0559
23,17.7823,0.7561
24,18.7820,0.9997
25,19.2556,0.4736
26,20.0676,0.8120
27,20.9134,0.8457
28,21.4943,0.5809
29,22.3788,0.8845
0,1.0527,1.0527
1,1.9179,0.8652
2,2.2462,0.3282
3,3.1379,0.8917
4,3.6446,0.5067
5,3.9789,0.3343
6,4.4350,0.4561
7,5.0040,0.5690
8,5.3951,0.3912
9,5.6981,0.3029
10,6.3673,0.6692
11,6.8454,0.4781
12,7.8969,1.0514
13,8.3991,0.5023
14,9.1380,0.7388
15,9.5275,0.3895
16,10.3352,0.8077
17,11.1661,0.8309
18,11.8473,0.6812
19,12.7166,0.8693
20,13.6348,0.9182
21,14.2097,0.5748
22,15.3185,1.1088
23,15.6399,0.3214
24,16.6990,1.0590
25,17.8204,1.1214
0,0.9183,0.9183
1,2.1154,1.1970
2,2.5954,0.4800
3,3.1112,0.5158
4,4.0957,0.9846
5,4.5643,0.4686
6,5.7257,1.1614
7,6.4825,0.7568
8,7.1095,0.6270
9,7.4650,0.3555
10,7.9590,0.4940
11,8.4984,0.5394
12,9.4252,0.9267
13,9.7617,0.3365
14,10.8490,1.0873
15,11.7047,0.8557
16,12.8925,1.1878
17,14.0814,1.1889
18,14.7166,0.6353
19,15.1687,0.4521
20,15.5796,0.4108
21,16.3337,0.7541
22,16.7808,0.4470
23,17.9685,1.1878
24,18.2754,0.3069
25,18.9877,0.7122
26,19.3062,0.3185
27,20.1244,0.8182
28,21.0911,0.9667
29,21.6171,0.5260
0,0.8463,0.8463
1,1.6803,0.8340
2,2.0705,0.3902
3,2.9488,0.8783
4,3.5272,0.5784
5,4.5781,1.0509
6,5.3561,0.7780
7,5.8111,0.4549
8,6.9731,1.1620
9,7.2895,0.3164
10,23.9666,16.6771
11,24.9177,0.9511
12,25.8611,0.9434
13,26.5984,0.7374
14,27.1772,0.5788
15,27.6672,0.4900
16,28.8395,1.1722
17,29.2266,0.3871
18,29.8897,0.6631
19,30.9952,1.1055
20,31.6232,0.6280
21,32.1172,0.4940
22,33.2840,1.1667
23,34.4220,1.1380
24,34.7881,0.3661
25,35.8030,1.0149
26,36.5554,0.7525
27,37.0445,0.4891
28,37.8925,0.8480
29,39.0420,1.1495
0,0.5738,0.5738
1,0.9915,0.4178
2,1.5366,0.5450
3,1.8803,0.3438
4,2.3908,0.5105
5,3.4376,1.0468
6,3.8032,0.3656
7,4.9287,1.1255
8,5.3811,0.4524
9,6.0435,0.6624
10,6.8263,0.7829
11,7.1752,0.3489
12,7.8105,0.6353
13,8.2806,0.4700
14,9.3811,1.1006
15,9.9677,0.5865
16,11.1350,1.1674
17,11.7094,0.5744
18,12.2322,0.5228
19,12.8508,0.6186
20,13.5088,0.6580
21,14.3446,0.8358
22,15.1769,0.8324
23,16.1865,1.0095
24,17.0761,0.8897
25,18.1073,1.0312
26,18.5472,0.4400
27,19.6970,1.1498
28,20.5230,0.8260
29,21.2611,0.7381
0,0.4963,0.4963
1,1.0287,0.5324
2,2.1365,1.1078
3,3.1670,1.0305
4,3.8656,0.6986
5,4.8085,0.9429
6,21.6898,16.8813
7,22.0339,0.3440
8,23.1576,1.1237
9,23.9949,0.8373
10,24.6044,0.6095
11,25.4731,0.8686
12,26.1042,0.6311
13,27.1978,1.0936
14,27.8990,0.7012
15,28.7226,0.8236
16,29.5247,0.8021
17,29.9342,0.4095
18,30.6625,0.7283
19,31.0769,0.4144
20,31.5012,0.4242
21,31.9358,0.4346
22,33.0958,1.1601
23,34.2380,1.1422
24,35.0066,0.7686
25,35.9221,0.9155
26,36.9871,1.0651
27,37.6336,0.6465
28,38.3963,0.7627
29,39.2961,0.8998
0,0.3278,0.3278
1,1.0760,0.7482
2,1.9958,0.9198
3,3.0656,1.0698
4,15.7419,12.6763
5,16.2641,0.5222
6,17.2279,0.9638
7,17.5793,0.3514
8,18.6919,1.1126
9,19.7348,1.0429
10,20.7114,0.9766
11,21.6681,0.9567
12,22.5131,0.8450
13,22.8897,0.3765
14,23.2918,0.4021
15,23.6462,0.3544
16,24.7178,1.0716
17,25.0383,0.3205
18,25.5559,0.5177
19,26.4130,0.8571
20,26.8700,0.4570
21,27.7678,0.8978
22,28.7713,1.0036
23,29.1113,0.3399
24,29.8850,0.7737
25,30.2279,0.3429
26,30.9781,0.7502
27,31.4673,0.4892
28,32.5140,1.0466
29,33.6019,1.0879
0,0.7969,0.7969
1,1.6684,0.8714
2,2.3333,0.6649
3,19.8161,17.4828
4,20.6153,0.7992
5,21.4617,0.8463
6,21.7807,0.3190
7,22.2264,0.4458
8,23.2210,0.9946
9,23.5956,0.3746
10,24.2942,0.6986
11,25.2853,0.9911
12,26.0312,0.7459
13,26.8085,0.7773
14,27.9313,1.1228
15,28.4131,0.4817
16,28.8006,0.3875
17,29.9652,1.1646
18,30.8519,0.8867
19,31.2203,0.3684
20,32.2043,0.9840
21,33.2823,1.0780
22,34.1370,0.8547
23,34.4480,0.3110
24,34.7666,0.3185
25,35.0807,0.3141
26,35.3977,0.3170
27,36.0173,0.6196
28,37.1224,1.1050
29,37.4503,0.3280
0,1.0606,1.0606
1,1.7958,0.7352
2,2.9091,1.1133
3,3.5906,0.6815
4,3.9243,0.3337
5,4.2359,0.3117
6,5.0950,0.8591
7,6.0692,0.9742
8,6.7401,0.6709
9,7.1143,0.3742
10,7.7780,0.6637
11,8.8040,1.0260
12,9.7913,0.9873
13,10.6650,0.8737
14,11.2337,0.5687
15,12.0998,0.8661
16,13.1270,1.0272
17,14.0873,0.9603
18,15.2759,1.1887
19,16.2627,0.9867
20,16.5630,0.3003
21,17.1312,0.5682
22,18.2108,1.0796
23,18.5135,0.3027
24,19.0233,0.5098
25,19.3339,0.3106
26,20.2552,0.9212
27,20.6462,0.3910
28,21.5161,0.8699
29,21.8995,0.3834
0,0.9249,0.9249
1,1.5034,0.5785
2,2.1848,0.6814
3,2.8406,0.6557
4,3.8853,1.0447
5,4.9098,1.0245
6,5.3032,0.3934
7,21.5852,16.2820
8,22.5079,0.9226
9,23.4501,0.9422
10,23.7550,0.3049
11,24.5203,0.7652
12,25.0785,0.5583
13,25.6269,0.5484
14,25.9396,0.3126
15,26.4222,0.4826
16,27.2376,0.8154
17,28.3975,1.1599
18,29.4087,1.0113
19,30.2301,0.8214
20,30.7700,0.5399
21,31.5123,0.7423
22,31.8917,0.3794
23,32.7360,0.8443
24,33.0993,0.3634
25,33.9607,0.8613
26,34.4988,0.5381
27,35.6515,1.1527
28,36.1793,0.5278
29,36.6481,0.4687
0,1.0190,1.0190
1,1.8433,0.8242
2,2.7162,0.8730
3,13.9895,11.2732
4,14.5268,0.5373
5,15.4774,0.9507
6,16.4025,0.9250
7,16.8073,0.4048
8,17.7294,0.9221
9,18.2709,0.5415
10,19.2187,0.9478
11,19.8794,0.6608
12,20.6938,0.8144
13,21.5756,0.8817
14,22.0310,0.4554
15,22.8110,0.7800
16,23.2595,0.4485
17,23.7000,0.4405
18,24.6002,0.9002
19,25.0595,0.4593
20,25.5771,0.5176
21,26.6974,1.1203
22,27.2543,0.5569
23,28.2618,1.0075
24,28.5897,0.3278
25,29.3780,0.7884
26,30.0439,0.6659
27,31.1799,1.1360
28,31.9350,0.7551
29,32.9212,0.9862
0,0.4120,0.4120
1,1.4130,1.0009
2,22.1270,20.7140
3,23.2671,1.1402
4,23.7465,0.4794
5,24.6078,0.8613
6,25.5468,0.9390
7,26.0292,0.4823
8,26.8564,0.8273
9,27.3734,0.5170
10,28.2311,0.8576
11,29.1609,0.9299
12,29.7578,0.5968
13,30.9496,1.1918
14,31.7510,0.8014
15,32.6996,0.9486
16,33.2198,0.5203
17,33.5287,0.3088
18,34.1522,0.6236
19,34.5928,0.4406
20,35.2933,0.7005
21,36.1004,0.8071
22,36.7691,0.6687
23,37.8390,1.0699
24,38.4612,0.6222
25,39.5927,1.1316
26,40.7261,1.1334
27,41.1699,0.4438
28,42.3638,1.1939
29,42.6659,0.3022
30,42.9699,0.3039
31,43.8452,0.8754
32,44.5351,0.6899
33,45.2462,0.7111
34,45.9545,0.7083
35,46.5871,0.6326
36,47.7448,1.1577
37,48.9368,1.1919
38,49.5719,0.6351
39,49.9644,0.3926
40,50.5015,0.5370
41,51.1167,0.6153
42,52.0291,0.9123
43,52.7914,0.7623
44,53.4746,0.6832
45,54.5606,1.0860
46,55.5483,0.9877
47,56.4615,0.9132
48,57.5251,1.0637
49,58.0875,0.5624
0,0.9416,0.9416
1,1.3596,0.4180
2,1.8560,0.4963
3,2.7327,0.8768
4,3.2047,0.4719
5,4.0395,0.8348
6,18.7595,14.7201
7,31.3057,12.5462
8,48.4825,17.1768
9,67.2065,18.7240
10,78.9408,11.7344
11,80.1158,1.1750
12,80.8083,0.6925
13,81.8452,1.0369
14,82.5691,0.7239
15,83.1942,0.6251
16,84.1255,0.9313
17,84.5515,0.4261
18,85.4933,0.9417
19,86.4772,0.9839
20,87.1199,0.6428
21,88.2489,1.1289
22,89.3705,1.1217
23,89.9187,0.5482
24,90.2853,0.3666
25,90.9139,0.6286
26,91.6536,0.7397
27,92.8087,1.1551
28,93.6136,0.8048
29,94.1855,0.5720
30,95.2161,1.0306
31,95.8587,0.6425
32,96.7216,0.8629
33,97.6375,0.9160
34,98.2898,0.6523
35,99.2089,0.9191
36,99.8478,0.6389
37,100.1579,0.3101
38,100.8483,0.6904
39,101.1626,0.3143
40,102.3163,1.1538
41,102.8917,0.5753
42,103.6763,0.7846
43,104.0048,0.3285
44,104.4423,0.4376
45,105.1766,0.7343
46,106.2843,1.1077
47,107.0617,0.7775
48,108.1280,1.0662
49,108.5187,0.3908
0,1.1327,1.1327
1,1.6782,0.5455
2,17.7690,16.0908
3,18.5899,0.8209
4,18.9722,0.3823
5,19.6954,0.7232
6,20.8781,1.1826
7,21.8462,0.9682
8,22.3516,0.5053
9,23.4633,1.1117
10,24.5630,1.0997
11,25.1407,0.5777
12,25.8184,0.6777
13,26.2321,0.4137
14,26.7137,0.4816
15,27.4931,0.7794
16,28.6381,1.1450
17,29.5049,0.8667
18,47.5902,18.0853
19,48.7721,1.1819
20,49.2572,0.4851
21,49.6258,0.3686
22,50.6197,0.9939
23,51.6121,0.9924
24,52.6591,1.0470
25,53.4485,0.7894
26,53.8853,0.4368
27,54.9555,1.0703
28,68.7639,13.8084
29,69.6534,0.8895
30,70.0137,0.3604
31,70.3755,0.3618
32,71.4174,1.0419
33,72.5498,1.1325
34,73.6098,1.0599
35,74.3933,0.7836
36,75.5072,1.1139
37,76.3278,0.8206
38,77.3576,1.0298
0,0.7526,0.7526
1,1.1004,0.3478
2,2.2224,1.1220
3,2.9725,0.7501
4,20.0245,17.0520
5,20.5017,0.4773
6,21.6440,1.1423
7,22.8132,1.1692
8,23.3286,0.5154
9,23.7593,0.4307
10,24.1219,0.3626
11,25.0407,0.9188
12,25.8689,0.8282
13,26.1747,0.3058
14,27.2109,1.0362
15,28.1550,0.9440
16,29.1440,0.9890
17,29.8245,0.6805
18,48.9009,19.0764
19,49.8899,0.9890
20,50.2729,0.3830
21,50.8341,0.5612
22,51.8229,0.9888
23,64.8417,13.0188
24,65.9313,1.0896
25,67.0642,1.1329
26,67.3736,0.3094
27,68.1793,0.8057
28,68.9964,0.8171
29,69.5602,0.5638
30,70.7298,1.1696
31,71.7636,1.0338
32,72.6712,0.9076
33,73.4072,0.7360
34,74.0515,0.6444
35,75.2336,1.1820
36,76.3096,1.0760
37,77.1772,0.8676
38,77.6156,0.4383
39,78.2371,0.6216
40,78.6389,0.4018
41,79.3688,0.7299
42,80.2769,0.9081
43,80.9676,0.6908
44,82.1299,1.1623
45,82.4860,0.3561
46,83.6569,1.1709
47,84.2212,0.5643
48,85.1903,0.9691
49,85.4959,0.3056
0,0.6787,0.6787
1,1.7593,1.0806
2,2.4723,0.7130
3,3.2848,0.8125
4,3.7139,0.4290
5,4.7637,1.0499
6,5.6121,0.8483
7,6.1100,0.4979
8,7.1619,1.0519
9,7.5785,0.4166
10,7.9730,0.3945
11,8.7618,0.7888
12,9.1685,0.4067
13,29.3763,20.2079
14,30.5505,1.1742
15,31.7305,1.1799
16,32.5883,0.8578
17,33.6110,1.0227
18,34.4623,0.8513
19,34.9407,0.4784
20,35.3234,0.3827
21,36.0565,0.7331
22,36.7781,0.7216
23,37.3491,0.5710
24,38.2701,0.9210
25,38.6924,0.4223
26,39.7885,1.0961
27,40.4934,0.7049
28,58.1095,17.6160
29,58.7077,0.5982
30,59.8297,1.1220
31,60.7498,0.9201
32,61.2117,0.4619
33,61.5850,0.3733
34,62.2459,0.6610
35,62.6865,0.4406
36,63.3217,0.6352
37,64.2578,0.9361
38,64.9608,0.7030
39,65.8351,0.8742
40,66.6497,0.8147
41,67.1752,0.5254
42,67.9714,0.7963
43,68.6951,0.7236
44,69.0786,0.3836
45,69.6626,0.5840
46,70.3455,0.6828
47,71.3945,1.0490
48,72.5465,1.1520
49,73.0873,0.5408
0,0.3896,0.3896
1,1.5608,1.1712
2,2.1329,0.5722
3,2.8466,0.7137
4,21.8834,19.0368
5,22.7936,0.9101
6,23.3641,0.5705
7,23.7163,0.3522
8,24.1166,0.4003
9,25.2040,1.0874
10,26.2668,1.0627
11,27.1823,0.9156
12,28.2214,1.0391
13,29.0185,0.7971
14,29.9097,0.8912
15,30.7251,0.8154
16,31.3921,0.6670
17,32.0608,0.6687
18,33.2391,1.1783
19,33.8602,0.6211
20,34.9029,1.0427
21,35.3683,0.4655
22,36.2545,0.8862
23,36.8458,0.5913
24,38.0242,1.1784
25,38.9342,0.9100
26,39.9654,1.0312
27,40.6835,0.7182
28,41.5749,0.8914
29,42.1516,0.5766
30,43.1959,1.0444
31,44.1702,0.9743
32,45.2918,1.1216
33,63.7892,18.4974
34,64.9100,1.1208
35,65.9142,1.0041
36,66.9779,1.0637
37,67.3355,0.3576
38,67.8431,0.5076
39,68.7634,0.9203
40,69.8470,1.0836
41,70.6990,0.8520
42,71.7647,1.0657
43,72.4839,0.7191
44,73.5010,1.0172
45,73.8238,0.3227
46,74.5635,0.7397
47,75.2512,0.6877
48,76.3664,1.1152
49,76.7884,0.4220
0,0.4588,0.4588
1,0.8339,0.3751
2,1.8859,1.0520
3,2.4988,0.6129
4,3.2778,0.7789
5,3.8540,0.5762
6,4.7477,0.8937
7,5.1141,0.3665
8,5.6864,0.5723
9,5.9949,0.3085
10,6.8748,0.8798
11,7.6724,0.7976
12,8.3397,0.6673
13,8.8892,0.5495
14,9.8817,0.9925
15,10.3379,0.4562
16,11.1275,0.7896
17,11.7469,0.6194
18,12.7252,0.9783
19,13.8820,1.1568
20,14.5053,0.6233
21,14.8789,0.3736
22,15.2263,0.3474
23,16.1977,0.9714
24,17.0493,0.8516
25,17.9877,0.9384
26,18.7443,0.7566
27,19.2725,0.5281
0,1.1920,1.1920
1,1.9953,0.8033
2,2.8118,0.8165
3,3.3321,0.5203
4,4.1431,0.8110
5,4.6802,0.5371
6,5.0385,0.3583
7,6.1015,1.0630
8,6.7639,0.6624
9,7.7513,0.9874
10,8.2833,0.5320
11,9.2313,0.9480
12,10.1472,0.9159
13,10.5797,0.4325
14,11.2695,0.6898
15,11.6693,0.3997
16,12.2963,0.6270
17,12.6166,0.3204
18,13.3557,0.7391
19,14.1659,0.8102
20,15.1311,0.9652
21,15.5213,0.3902
22,16.5706,1.0494
23,17.1906,0.6199
24,18.0286,0.8380
25,18.9721,0.9435
26,19.7719,0.7998
27,20.8177,1.0458
28,21.9849,1.1672
29,22.7577,0.7727
30,23.2625,0.5049
31,23.8776,0.6150
32,24.3988,0.5212
33,25.5392,1.1405
34,26.3902,0.8510
35,27.0943,0.7041
0,1.0544,1.0544
1,2.2363,1.1819
2,3.1704,0.9341
3,3.7842,0.6137
4,4.4272,0.6431
5,5.5781,1.1509
6,6.4548,0.8767
7,7.4777,1.0229
8,7.8087,0.3310
9,8.4021,0.5934
10,8.7945,0.3924
11,9.5566,0.7621
12,10.2005,0.6439
13,10.5384,0.3379
14,11.1325,0.5940
15,11.6083,0.4758
16,12.3751,0.7669
17,13.4915,1.1164
18,14.1703,0.6788
19,14.8075,0.6372
20,15.5406,0.7331
21,16.2914,0.7508
22,16.8104,0.5190
23,17.2152,0.4048
24,18.2770,1.0618
25,19.0756,0.7986
26,19.7500,0.6744
27,20.2070,0.4570
0,0.8670,0.8670
1,2.0410,1.1740
2,3.1176,1.0766
3,4.0919,0.9743
4,4.4130,0.3211
5,5.0600,0.6470
6,6.1628,1.1029
7,7.0974,0.9346
8,7.6051,0.5077
9,8.7555,1.1504
10,9.6772,0.9217
11,10.4959,0.8187
12,11.1156,0.6197
0,0.5271,0.5271
1,1.1722,0.6452
2,1.6342,0.4620
3,2.2264,0.5922
4,2.7289,0.5024
5,3.3478,0.6190
6,4.5046,1.1567
7,5.6809,1.1763
8,6.5088,0.8279
9,6.8984,0.3896
10,7.9807,1.0822
11,8.8386,0.8580
12,9.5579,0.7193
13,10.2714,0.7135
14,11.3857,1.1142
15,12.2007,0.8150
16,13.2448,1.0442
17,14.3426,1.0978
18,15.0189,0.6762
19,15.7068,0.6880
20,29.5942,13.8874
21,30.4616,0.8674
22,31.0027,0.5411
23,31.9831,0.9803
24,32.5706,0.5876
25,33.1186,0.5480
26,33.5325,0.4139
27,34.3269,0.7944
28,35.2059,0.8790
0,0.3582,0.3582
1,1.4114,1.0532
2,1.7647,0.3533
3,2.5508,0.7861
4,18.6919,16.1411
5,19.1089,0.4170
6,20.0535,0.9446
7,20.4324,0.3789
8,21.0035,0.5712
9,22.0328,1.0292
10,23.0165,0.9838
11,23.3381,0.3215
12,24.3607,1.0227
13,25.4226,1.0618
14,25.9445,0.5219
15,27.1218,1.1773
16,46.5191,19.3973
17,47.7144,1.1953
18,48.0930,0.3786
19,48.5075,0.4145
20,49.1028,0.5953
21,50.2503,1.1476
22,63.3844,13.1341
23,64.2385,0.8541
24,65.1805,0.9420
25,65.5036,0.3231
26,66.4756,0.9720
27,66.8047,0.3291
28,67.6560,0.8513
29,68.7985,1.1426
30,69.8163,1.0178
31,70.6711,0.8548
0,0.3530,0.3530
1,1.1672,0.8142
2,1.7364,0.5692
3,2.1671,0.4307
4,2.7825,0.6154
5,3.3834,0.6009
6,3.9616,0.5782
7,4.3614,0.3998
8,4.9589,0.5975
9,5.9112,0.9523
10,6.4161,0.5049
11,7.2441,0.8280
12,7.7636,0.5195
13,8.3467,0.5831
14,9.4585,1.1117
15,9.9091,0.4507
16,10.5336,0.6244
17,11.1824,0.6488
18,12.0891,0.9067
19,13.1389,1.0498
20,13.9663,0.8274
21,14.6742,0.7079
22,15.5754,0.9012
23,16.2118,0.6364
24,16.8055,0.5936
25,17.2668,0.4614
26,17.6014,0.3346
27,18.3584,0.7570
28,19.2195,0.8611
29,20.2514,1.0320
30,21.2131,0.9617
31,22.3054,1.0923
32,23.4366,1.1312
33,23.8705,0.4339
34,24.5931,0.7225
35,25.4857,0.8926
36,25.8755,0.3898
37,26.2180,0.3425
38,26.7594,0.5414
39,27.1288,0.3694
40,27.4747,0.3459
41,28.2066,0.7320
42,28.7202,0.5136
43,29.1163,0.3960
44,30.1561,1.0398
45,31.2417,1.0856
46,32.1045,0.8628
47,32.9699,0.8654
48,33.8813,0.9114
49,34.7894,0.9080
0,0.7991,0.7991
1,1.2947,0.4956
2,2.4078,1.1132
3,14.1817,11.7739
4,15.1592,0.9775
5,15.5988,0.4396
6,16.3714,0.7725
7,17.4215,1.0502
8,17.9910,0.5695
9,18.2940,0.3030
10,18.6131,0.3190
11,30.2010,11.5879
12,47.4933,17.2924
13,47.8392,0.3459
14,48.9326,1.0934
15,49.6435,0.7109
16,50.3910,0.7476
17,50.9754,0.5844
18,51.8144,0.8390
19,52.1452,0.3309
20,53.2226,1.0773
21,53.6741,0.4516
22,54.5441,0.8699
23,54.9736,0.4295
24,56.0621,1.0885
25,56.4537,0.3916
26,57.5950,1.1412
27,76.6222,19.0273
28,77.6072,0.9850
29,78.7635,1.1563
30,79.4383,0.6748
31,79.9514,0.5131
32,80.8593,0.9079
33,82.0593,1.2000
34,82.8868,0.8275
